Signal Box,External Telephone,Signal Prefix,Source
Cambridge PSB - Duty Shift Manager (SSM),0330 8584624,,AR3725PN
Cambridge PSB - Cambridge (Panel A) (Elsenham LX – Meldreth - Shepreth B. Jn),0330 8525313,,AR3725PN
Cambridge PSB - Cambridge (Panel B) (Dukes No2 LX – Barnwell Jn – Coldham Lane Jn),0330 8525312,,AR3725PN
Cambridge PSB - Cambridge (North Panel) (Barnwell Jn – Bottisham Rd LX),0330 8525306,,AR3725PN
Cambridge PSB - Cambridge (Panel C) (Bottisham Rd LX – Queen Adeladie LX – New Bedford River (EMP) – Mile End LX (ETN) – Former Snailwell Jn (CCH)),0330 8525311,,AR3725PN
Cambridge PSB - Cambridge (Thetford WS) (Mile End LX – Wymondham (Inc Mid-Norfolk Railway),0330 8525309,,AR3725PN
Cambridge PSB - Cambridge CCTV,0330 8525310,,AR3725PN
Colchester PSB - Duty Shift Manager,0330 8584432,,AR3725PN
Colchester PSB - Colchester (Panel 2 - Colchester) (Marks Tey C/E – Mistley - Bentley LX),0330 8584426,,AR3725PN
Colchester PSB - Colchester (Panel 3 – Ipswich) Bentley LX – Stowmarket C/E – Boss Hall Jn,0330 8584309,,AR3725PN
Colchester PSB - Colchester (Panel 4 Norwich) Haughley Jn – Thurston – Norwich Stn – Wensum Jn,0330 8584948,,AR3725PN
Colchester PSB - Colchester (Felixstowe WS) Westerfield - Felixstowe,033 085 84417,,AR3725PN
Colchester PSB - Colchester (East Gates WS) Hunwick Jn – Colchester Town – Alresford Stn (Up),0330 8584423,,AR3725PN
Colchester PSB - Colchester (Thorpe WS) Alresford Stn (Down) – Clacton – Walton-On-The- Naze,0330 8584428,,AR3725PN
Colchester PSB - Colchester (Lowestoft WS) Cantley Stn – Berney Arms – Lowestoft Stn – Oulton Broad South Stn,0330 8543537,,AR3725PN
Colchester PSB - Colchester (Brundall WS) Brundall Gardens – Great Yarmouth – Buckenham C/E,033 085 43536,,AR3725PN
Signalling/Crossing Locations - Acton Canal Wharf,033085 26401,,AR3725PN
Signalling/Crossing Locations - Acton Wells Jn.,033085 26400,,AR3725PN
Signalling/Crossing Locations - Bury St. Edmunds Yard,0330 8525304,,AR3725PN
Signalling/Crossing Locations - Chippenham Jn.,0330 8525317,,AR3725PN
Signalling/Crossing Locations - Crown Point,0330 8584949,,AR3725PN
Signalling/Crossing Locations - Downham Market,0330 8525293,,AR3725PN
Signalling/Crossing Locations - Dudding Hill Jn,033085 26402,,AR3725PN
Signalling/Crossing Locations - Dullingham,0330 8525677,,AR3725PN
Signalling/Crossing Locations - Elsenham Crossing,03308525670,,AR3725PN
Signalling/Crossing Locations - Foxton Crossing,03308525337,,AR3725PN
Signalling/Crossing Locations - Ingatestone Crossing,0207 0846139,,AR3725PN
Signalling/Crossing Locations - Kings Dyke,0330 8525344,,AR3725PN
Signalling/Crossing Locations - Kings Lynn Jn.,0330 8525299,,AR3725PN
Signalling/Crossing Locations - Littleport,0330 8584660,,AR3725PN
Signalling/Crossing Locations - Lincoln Road Crossing,03308525391,,AR3725PN
Signalling/Crossing Locations - Neasden Jn (Diverted to Acton Canal Wharf when closed/light duty working),033085 26403,,AR3725PN
Signalling/Crossing Locations - Magdalen Road,0330 8525296,,AR3725PN
Signalling/Crossing Locations - March East,0330 8584937,,AR3725PN
Signalling/Crossing Locations - March South,0330 8584941,,AR3725PN
Signalling/Crossing Locations - Manea,0330 8525556,,AR3725PN
Signalling/Crossing Locations - Oulton Broad Swingbridge,0330 8584532,,AR3725PN
Signalling/Crossing Locations - Parkeston,0330 8584448,,AR3725PN
Signalling/Crossing Locations - Reedham Swingbridge,0330 8584530,,AR3725PN
Signalling/Crossing Locations - Richmond,033085 60578,,AR3725PN
Signalling/Crossing Locations - Romford RCC (Traffic Manager (Pudding Mill Portal to Westbourne Park Junction),0300 2151021,,AR3725PN
Signalling/Crossing Locations - Saxmundham,0330 8525342,,AR3725PN
Signalling/Crossing Locations - Somerleyton Swingbridge,(033) 085 84528,,AR3725PN
Signalling/Crossing Locations - South Tottenham Jn,033085 84712,,AR3725PN
Signalling/Crossing Locations - Stowmarket Crossing,0330 8584444,,AR3725PN
Signalling/Crossing Locations - Stonea,0330 8584933,,AR3725PN
Signalling/Crossing Locations - Three Horse Shoes,0330 8525186,,AR3725PN
Signalling/Crossing Locations - Trowse Swing Bridge (inc. Whitlingham Jn - Sheringham),0330 8584534,,AR3725PN
Signalling/Crossing Locations - Trinity Lane Crossing,03308584613,,AR3725PN
Signalling/Crossing Locations - Upper Holloway,033085 20808,,AR3725PN
Signalling/Crossing Locations - Whittlesea,0330 8525346,,AR3725PN
Signalling/Crossing Locations - Whittlesea Crossing,0330 8525347,,AR3725PN
Upminster IECC - Duty Shift Manager (SSM),03308525031,,AR3725PN
Upminster IECC - Upminster (Workstation 1) Fenchurch St – Upminster Stn- Ripple Lane – Chafford Hundred,033085 25049,,AR3725PN
Upminster IECC - Upminster (Workstation 2) Upminster (Excl Station) – Shoeburyness,033085 25051,,AR3725PN
Upminster IECC - Upminster (Workstation 3) Ripple Lane – Pitsea – Chafford Hundred,033085 25377,,AR3725PN
Upminster IECC (NLL Eastern Workstation) Stratford 1&2 – High Meads Jn – Highbury & Islington,033085 25028,,AR3725PN
Upminster IECC NLL Central Workstation Highbury & Islington – Willesden High Level Jn,033085 25026,,AR3725PN
"Upminster IECC - Upminster SDS Responsible for the Operational output of the North London Line (NLR) Service Delivery Centre, overseeing the teams of Upminster and Outer box signallers.",0203 034 0489,,AR3725PN
ECO Romford,033 085 41100 (Emergency Only) 033 08541101 01708 730292 01708 730314,,AR3725PN
ECO York,0845 6020 174 (Emergency Only) 01904 525836,,AR3725PN
ECO Rugby,01788 576 256 01788 576 257 (Emergency Only) 01788 555422,,AR3725PN
ECO Didcot,033 085 41050 (Emergency Only) 033 085 41051 01235 818490,,AR3725PN
ECO Raynes Park,07771 613564 (Emergency Only) 020 8545 5900 020 8545 5901,,AR3725PN
ECO Lewisham,07771 612930 (Emergency Only) 020 8694 4400 020 8692 6786,,AR3725PN
ECO Ashford EMMIS,01233 739 300 (Emergency Only) 01233 739 450 01233 739 460,,AR3725PN
Arundel,01273 228303,AR,KSW3725PN
Ashford Integrated Electronic Control Centre (IECC) Signaller Shift Manager,0330 8531350,AD,KSW3725PN
Workstation 1 (Elmstead Woods - Hildenborough),0330 8531285 0330 8531286,AD,KSW3725PN
Workstation 2 (Hildenborough to Staplehurst including Tonbridge to Godstone and Paddock Wood to Beltring),0330 8531287 0330 8531288,AD,KSW3725PN
Workstation 3 (Ashford to Rye),0330 8531289 0330 8531290,AD,KSW3725PN
Workstation 4 (Staplehurst to Westenhanger),0330 8531291 0330 8531305,AD,KSW3725PN
Workstation 5 (Westenhanger to Folkestone/Eurotunnel interface),0330 8531292 0330 8531306,AD,KSW3725PN
Ashford (CTRL) Shift Manager,01233 739410 01233 739411,AF,KSW3725PN
Aylesford,0330 8561742,AF,KSW3725PN
Barnham,01273 228354,BH,KSW3725PN
Basingstoke Dorset Coast,01256 490010,PW,KSW3725PN
Basingstoke East Signaller,01256 478756,BE,KSW3725PN
Basingstoke West Signaller,01256 478758,BE,KSW3725PN
Basingstoke West of England Panel,01256 490006,SE,KSW3725PN
Bognor Regis,01273 228358,BR,KSW3725PN
Basingstoke Rail Operating Centre,,BEF,KSW3725PN
BROC Shift Manager,0330 8543011,BEF,KSW3725PN
Strawberry Hill Workstation 1 (Norbiton/Shepperton to Strawberry hill including depot) (Richmond to Whitton),0330 8543012,BEF,KSW3725PN
Staines Workstation 2 (Whitton to Egham) (Chiswick to Hounslow) (Staines to Windsor & Eaton Riverside),0330 8543014,BEF,KSW3725PN
Ascot Workstation 3 (Rusham CCTV to Earley) (Virginia Water to Addlestone) (Ascot to Frimley) ) (Farnborough North to Wokingham Junction),03308543013,BEF,KSW3725PN
Level Crossing Workstation 1 (Chertsey CCTV Grove Park CCTV Wood Lane CCTV Star Lane CCTV Wokingham CCTV,0330 8543015,BEF,KSW3725PN
Level Crossing Workstation 2 (Thorpe Lane CCTV Pooley Green CCTV Egham CCTV Rusham CCTV),0330 8543016,BEF,KSW3725PN
Bo Peep Junction,01233 651119,BJ,KSW3725PN
Bo-Peep Signal Box Telephone Line,03308561922,,KSW3725PN
Bournemouth,01202 295893,BC,KSW3725PN
Brockenhurst,01590 623800,BH,KSW3725PN
Canterbury West,0330 8553184,EDH,KSW3725PN
Canterbury Wye Area Control Centre,0330 8553191,EBT,KSW3725PN
Charlton Lane (crossing box),0330 8531222,,KSW3725PN
Chichester,01273 228360,CC,KSW3725PN
Cuxton,0330 8553556 0330 8553589,CX,KSW3725PN
Deal,0330 8526920 0330 8526908 0330 8529927,EBZ,KSW3725PN
Dorchester South,01305 262483,DR,KSW3725PN
Dorking,01483 804648 01483 804618,CBK,KSW3725PN
East Farleigh,0330 8561744,EF,KSW3725PN
Signaller Shift Manager,0330 8553593,EK,KSW3725PN
Ramsgate Workstation – Minster East Junction (excl) to London side of Birchington-on-Sea,0330 8553600,EK,KSW3725PN
Faversham Workstation – London side of Birchington- on-Sea/Buckland Junction (excl) to Sittingbourne (excl),0330 8553599,EK,KSW3725PN
Rochester Workstation – Longfield (excl/Higham (incl) to Chatham Station,0330 8553585,EK,KSW3725PN
Sittingbourne Workstation – Chatham Station (excl) to Sittingbourne (incl) Sheerness branch (complete) Note: Signal prefix on the Sheerness branch between Middle Junction (excl) and Sheerness is EV,0330 8553539,EK EV,KSW3725PN
"Eastleigh, Signaller Shift Manager",02380 612142,,KSW3725PN
"Panel 1 – Worting Jn (excl) – Southampton Parkway, Hedge End to Eastleigh",02380 728875,E / EH,KSW3725PN
Panel 2 – (St Denys End) Southampton Parkway (excl) to Northam (incl) Northam to Southampton Eastern Docks,02380 728890,E,KSW3725PN
"Panel 2 (Southampton / Fareham End) – Northam (excl) to Southampton (incl), Fareham to Hedge End / St Denys",02380 728890,E,KSW3725PN
"Panel 3 – Dunbridge (excl) to Millbrook, Ashust New Forest / Marchwood to Redbridge, Southampton Western Docks",02380 728894,E,KSW3725PN
Exeter,01392 210873,E,KSW3725PN
Exmouth Jn,01392 412764,EJ,KSW3725PN
Folkestone East,0330 8526924,YE,KSW3725PN
Guildford ASC,01483 302311,GD,KSW3725PN
Grain Crossing Keeper,01634 270464,,KSW3725PN
Hastings,0330 8529822 0330 8529831,EDL,KSW3725PN
Havant Workstation (Petersfield exc/ Emsworth/ Fareham exc to Hilsea) Portsmouth Workstation (Hilsea exc to Portsmouth Harbour),023 8075 6181,HT,KSW3725PN
Kingsferry Bridge,01795 423627,,KSW3725PN
Panel 1 (Hove to East Worthing),01903 763937,LG,KSW3725PN
Panel 2 (East Worthing to Angmering),01903 763937,LG,KSW3725PN
Panel 3,01903 763937,LG,KSW3725PN
Littlehampton,01273 228307,LH,KSW3725PN
Littlehaven (Crossing box),01273 784750,,KSW3725PN
Maidstone East,0330 8561751,ME,KSW3725PN
Maidstone West,0330 8561756 0330 8561757,MS,KSW3725PN
Marchwood,02380 728028,MW,KSW3725PN
Minster,0330 8526333,EBE,KSW3725PN
"New Cross Gate, East London Line Signalling Control Centre",02033566773,EL,KSW3725PN
North Kent (Ashford IECC) North Kent 1 (Woolwich/ Falconwood / Mottingham to Dartford),0330 8531314,NK,KSW3725PN
North Kent 2 Dartford /Higham / Grain single line,0330 8531320,NK,KSW3725PN
Oxted,01883 716293,OD,KSW3725PN
Reigate,020 7928 5151,RG,KSW3725PN
Robertsbridge,0330 8529912,RB,KSW3725PN
Rye,0330 8531278,RY,KSW3725PN
Salisbury,01722 329480,SY,KSW3725PN
Sandwich Sandwich Signal Box Fax Line,03308529963 0330 8526906 03308529929,SW,KSW3725PN
Sturry,0330 8553183,ST,KSW3725PN
"TBROC TULSE HILL WORKSTATION (Between Birkbeck, Bromley Jn and Streatham Hill via Crystal Palace)",0330 857 5007,TVC,KSW3725PN
Shift Signalling Manager (Kent),01293 621368,,KSW3725PN
Shift Signalling Manager (Sussex),01293 621350,,KSW3725PN
Shift Signalling Manager (Victoria Central),0330 8575001,,KSW3725PN
TBROC East Sussex Workstation Glynde – Eastbourne & Willingdon Jn to West St Leonards,01293 621 351,TEB,KSW3725PN
TBROC Lewes Workstation Cooksbridge/Lewes to Seaford,01293 621354,TLW,KSW3725PN
TBROC Cannon Street “A” Workstation Cannon Street to London Bridge,01293 621360,TL,KSW3725PN
TBROC Cannon Street “B” Workstation London Bridge to New Cross/,01293 621361,TL,KSW3725PN
TBROC Lewisham Workstation New Cross to Lewisham,01293 621364,TL,KSW3725PN
TBROC Angerstein Workstation Deptford/Lewisham to Woolwich Arsenal/Eltham,01293 621393,TL,KSW3725PN
TBROC Grove Park “A” Workstation Lewisham to Hayes/Hither Green (excl),01293 621370,TL,KSW3725PN
TBROC Grove Park B Workstation Hither Green to Grove Park (Incl Bromley North Branch),01293 621371,TL,KSW3725PN
TBROC 3A London Bridge Central Workstation London End Bricklayers Arms Jn/South Bermondsey Stn to London Bridge Station,01293-621363,TL,KSW3725PN
TBROC 3B London Bridge Central Workstation Country End Anerley/East Dulwich to Bricklayers Arms Jn/South Bermondsey Stn,01293-621366,TL,KSW3725PN
TBROC Charing Cross Workstation London Bridge to Charing Cross station,01293 621362,TL,KSW3725PN
TBROC Thameslink Core South Workstation Farringdon (incl) to Loughborough Junction (excl),01293 621369,TVS,KSW3725PN
TBROC Thameslink Core Central Workstation Farringdon (excl) to Kentish Town (excl) and Camden Road tunnels to St Pancras High Level platforms,01293 621367,TWH,KSW3725PN
TBROC Streatham Workstation Between Balham Jn (excl) and Norbury Between Tulse Hill (excl) and Streatham South Jn Between Streatham South Jn and Tooting Down & Up Slow Spurs Down & Up Streatham Spurs Reversible Fast Spur,01293 621352,TVC,KSW3725PN
TBROC Sutton Workstation Wallington/Mitcham Eastfields/ Epsom downs to Sutton Sutton to Cheam/ Haydons Road (Incl Wimbledon P9),01293 621353,TVC,KSW3725PN
TBROC Victoria Central Workstation (Battersea park to Victoria P9-19),0330 8575003,TVC,KSW3725PN
"TBROC Victoria Eastern Workstation Between Battersea Pier Jn (Eastern lines) and Victoria, platforms 1-8)",0330 8575006,TVS,KSW3725PN
TBROC Clapham Workstation (Between Wandsworth Common and Battersea Park and between Latchmere Jn and North Pole Jn.),0330 8575004,TVC,KSW3725PN
TBROC Balham Workstation (Between Wandsworth Common and Balham Jn and between Streatham Hill station and Balham station),0330 8575005,TVC,KSW3725PN
Signal Box,External No,Prefi,KSW3725PN
Panel 6 (Patcham Tunnel (excl) to Brighton/Hove). Brighton to Falmer,01293 621381,T,KSW3725PN
Panel 7 Horsham station area (Billingshust (exclusive) and Three Bridges (exclusive),,T,KSW3725PN
Panel 7a,01293 621382,T,KSW3725PN
Panel 7b,01293 621383,T,KSW3725PN
Tonbridge,0330 8531542,PE,KSW3725PN
Victoria Area Signalling Centre (VASC),,,KSW3725PN
Victoria (SE) Signaller Shift Manager,020 7228 5370,VS,KSW3725PN
"(Battersea Park to Victoria, platforms 9-19)",,,KSW3725PN
Panel 7 (Between Linford St Jn and Brixton Jn and Canterbury Road Jn (main line) Between Latchmere Jn and Factory Jn and Shepherds Lane Jn. Lines via Stewarts Lane including depot),0330 8553307,VS,KSW3725PN
Panel 8 (Between Ravensbourne and Loughborough Jn via Nunhead (Catford Loop) Between Shepherds Lane Jn and Peckham Rye on the Atlantic Lines),0330 8553308,VS,KSW3725PN
Panel 9 (Between Beckenham Jn and Herne Hill via main line),0330 8553309,VS,KSW3725PN
"Panel 10 (Between Bat and Ball/Kemsing and Swanley via Otford. Between Longfield and Ravensbourne via Swanley, Bickley / Bromley South)and Shortlands",,VS,KSW3725PN
Panel 10A,03308553310,,KSW3725PN
Panel 10B,03308553312,,KSW3725PN
Wateringbury,0330 8531445,WB,KSW3725PN
"Westbury - Lavington (excl.) to Fairwood Jn (incl.) via Westbury station or Westbury avoiding line,also Heywood Road Jn to Bradford- on-Avon (incl.),also Hawkeridge Jn to Warminster (incl.) and Fairwood Jn (incl.), also Thingley Jn (excl.) to Bradford Jn - Fairwood Jn (excl.) to Somerton Tunnel (incl.),Yeovil Pen Mill(excl.), Merehead and Cranmore via Frome station or Frome avoiding line; also Frome North Jn to Whatley Quarry-",01373 826518,W,KSW3725PN
"Wimbledon, Signaller Shift Manager W’loo pl. 1-14 & Main line - Clapham Junction W’loo pl. 15-24 & Windsor lines to Putney Clapham Junction - Berrylands Kingston - Putney Bridge Wimbledon (Including LUL) Raynes Park (excl) - Boxhill - Bookham Ewell East - Chessington Putney - North Sheen, Barnes - Chiswick",020 8540 1901 033 0855 3821 033 0855 3822 033 0855 3823 033 0855 3824 033 0855 3774,W Panel 1 Panel 2 Panel 3 Panel 4 Panel 5,KSW3725PN
Wimbledon Duty Shift Manager,020 8540 1901,W,KSW3725PN
All Desks,,W,KSW3725PN
Panel 2 (Waterloo International to Clapham Jn.),020 8545 5522,W,KSW3725PN
"Woking -West Byfleet (incl) to Farnborough (excl), Woking Jn to Worplesdon and Pirbright Jn to Ash Vale (excl) Berrylands to West Byfleet (excl), Chertsey (excl) to Weybridge and Addlestone Jn to Byfleet Jn Hampton Court Jn to Hampton Court/ Cobham",033 085 63878,WK,KSW3725PN
Woking Panel 3 Ash Vale to Alton Aldershot South Junction (excl) Ash Vale to Frimley,01483 749469,,KSW3725PN
Thames Valley SC Shift Signalling Manager,,-,KSW3725PN
"Thames Valley SC Paddington workstation GSM-R coverage area: Paddington to Acton West Jn (excl), Old Oak Common West to Park Royal Jn",,SN,KSW3725PN
"Thames Valley SC Acton workstation GSM-R coverage area: Acton West Jn to Southall West Jn (excl), West Ealing Jn to South Greenford (excl), Hanwell to Drayton Green Jn",,SN,KSW3725PN
"Thames Valley SC Hayes workstation GSM-R coverage area: Southall West Jn to Stockley Bridge Jn, Heathrow Branch to Terminals 4 & 5",,SN,KSW3725PN
"Thames Valley SC Twyford workstation GSM-R coverage area: Reading Platforms 4, 5 & 6, Ruscombe to Kennet Loop, Twyford to Henley",,TR DM UM,KSW3725PN
"Thames Valley SC Reading Station workstation GSM-R coverage area: Reading New Jn to Reading West Jn (excl) except Reading Platforms 4, 5 & 6",,TR,KSW3725PN
"Thames Valley SC West Junction workstation GSM-R coverage area: Reading West Jn to Cholsey and Oxford Road Jn, Oxford Road Jn to Southcote Jn, Southcote Jn to Route Boundary and Drakes No2 LC",,TR,KSW3725PN
Thames Valley SC Newbury workstation GSM-R coverage area: Oxford Road Jn to Lavington,,TR,KSW3725PN
"Thames Valley SC Didcot workstation GSM-R coverage area: Moreton Cutting to Challow, Didcot East Jn to Didcot North Jn, Foxhall Jn to Didcot West Curve Jn, Didcot West Jn to Radley (excl)",,SB,KSW3725PN
ECO Brighton 74 4030 03,,,KSW3725PN
ECO Eastleigh 74 4042 03,,,KSW3725PN
ECO Raynes Park 74 4040 03,,,KSW3725PN
ECO Selhurst 74 4041 03,,,KSW3725PN
Allington,01302 362162,AL,LNE3725PN
Alnmouth,01665 830960,A,LNE3725PN
Alrewas,01332 265447,AS,LNE3725PN
Ancaster,03308584568,AR,LNE3725PN
Ashington,,,LNE3725PN
Ashwell,0330 8584740,AL,LNE3725PN
Aycliffe TSC,033085 26014,T,LNE3725PN
Bardon Hill,01332 265491,BH,LNE3725PN
Bardon Mill (usually switched out),,BM,LNE3725PN
Barnsley,01226 730808,BY,LNE3725PN
Barton Hill,03308 520177,BE,LNE3725PN
Batley,01132 479734,B,LNE3725PN
Beckingham,01302 362588,B,LNE3725PN
Bedlington North,01670 530085,BN,LNE3725PN
Bedlington South,01670 823444,BS,LNE3725PN
Bedford,004 8582 (020 7644 8582),,LNE3725PN
Luton North Jn to Oakley.,,,LNE3725PN
Beighton Station Jn.,01142 889010,BX,LNE3725PN
Bellwater Jn,01205 270513,BJ,LNE3725PN
Beverley,3308587752,BS,LNE3725PN
Blaydon,0191 4147704,BN,LNE3725PN
Boston West Street Junction,01205 352510,WS,LNE3725PN
Brampton Fell,01697 73306,BF,LNE3725PN
Bridlington,01262 670378,BN,LNE3725PN
Brigg,01472 266485,B,LNE3725PN
Castleford,03308588056,CD,LNE3725PN
Cattal,01423 331471,C,LNE3725PN
Caverswall,01270 530419,CL,LNE3725PN
Clipstone,03308588038,C CJ,LNE3725PN
Common Road,03308 520176,-,LNE3725PN
Corby Gates,01228 561244,CG,LNE3725PN
Crag Hall,01287 678209,C,LNE3725PN
Cricklewood,0330 852 0793,CD,LNE3725PN
Cutsyke Jn,01132 479278,CJ,LNE3725PN
Creswell,03308588043,E,LNE3725PN
"DERBY, EAST MIDLANDS",,,LNE3725PN
CONTROL CENTRE,,,LNE3725PN
Burton WS (DY),0330 85 87436,DY,LNE3725PN
Elford to Sunny Hill (Exclusive)/,,,LNE3725PN
Chellaston line/N.Staffs line,,,LNE3725PN
Chesterfield Workstation,01332 442427,,LNE3725PN
Clay Cross Tunnel/Morton Jn,,,LNE3725PN
to Tapton Jn (inclusive),,,LNE3725PN
Erewash Workstation,01332 442421,"PK, RT, SS, ST, TC, TD",LNE3725PN
Trent East Jn (excl) to Clay,,,LNE3725PN
Cross North Jn (excl) &,,,LNE3725PN
Kirkby Lane End Jn (excl),,,LNE3725PN
Kettering Workstation,01332 442402,LR,LNE3725PN
Sharnbrook Jn (excl) /,,,LNE3725PN
Hinkley to Wigston North Jn,,,LNE3725PN
Leicester Workstation,01332 442403,LR,LNE3725PN
Knighton Jn to,,,LNE3725PN
Loughborough North Jn /,,,LNE3725PN
Bagworth and Syston South,,,LNE3725PN
/ North to Frisby (excl),,,LNE3725PN
Mansfield Workstation,01332 442396,"KS, MS",LNE3725PN
Lincoln Street to,,,LNE3725PN
McKenzies UWC,,,LNE3725PN
Netherfield Workstation,01332 442401,"NN, GN",LNE3725PN
Nottingham East Jn. (excl),,,LNE3725PN
To Bulcote / Bingham Road,,,LNE3725PN
Nottingham Workstation,01332 442399,"MS, NN, RT, TN",LNE3725PN
Attenborough Station (excl),,,LNE3725PN
To Nottingham East Jn,,,LNE3725PN
Mansfield Jn to Trowell,,,LNE3725PN
South Jn. (excl) / Lincoln,,,LNE3725PN
Street (excl),,,LNE3725PN
Trent Workstation,01332 442395,"SS,ST,TC,TD,TN",LNE3725PN
Loughborough North Jn. excl) to,,,LNE3725PN
Castle Donnington /Spondon (excl) /,,,LNE3725PN
Attenborough Station.,,,LNE3725PN
Derby (DY) Centre Panel -,0330 85 87437,"DY, TD,DC, DW & EC",LNE3725PN
Sunny Hill – (Inclusive) Derby station,,,LNE3725PN
/ Spondon / Etches Park to,,,LNE3725PN
Ambergate / Matlock / Wingfield.,,,LNE3725PN
Diggle,01457 873762,DE,LNE3725PN
DONCASTER,,,LNE3725PN
Duty Shift Manager,033 08586066,D,LNE3725PN
Stoke Tunnel – B. Bay LC,,,LNE3725PN
Doncaster Panel 1 -100 m – 139m 71ch,,,LNE3725PN
Botany Bay LC - Belmont,,,LNE3725PN
Firbeck Jn - St Caths Jn,033 08586058,,LNE3725PN
Black Carr - Park Drain,033 08586054,,LNE3725PN
Doncaster Panel 2 139m 71ch – 154m 36ch,,,LNE3725PN
Belmont - Arksey LC,,,LNE3725PN
Kirk Sandall Jn -,,,LNE3725PN
Marshgate Jn,,,LNE3725PN
Conisbrough Tunnel - St -,033 08586061,D,LNE3725PN
James Jn,,,LNE3725PN
Marshgate Jn - Bentley LC,,,LNE3725PN
Doncaster Panel 3 154m 36ch – 158m 02ch,,,LNE3725PN
Arksey LC - Balne LC,,,LNE3725PN
Womersley - Shaftholme,033 08586059,D,LNE3725PN
Kirk Sandall - Markham,,,LNE3725PN
Doncaster Panel 4 157m 52ch – 160m,,,LNE3725PN
Thorne N. - K. Sandall Jn,,,LNE3725PN
Thorne Jn - Keadby,,D,LNE3725PN
Doncaster Panel 5 1m 04ch – 18m 13ch,,,LNE3725PN
Doncaster - Skellow Jn - Stainforth Jn,033 08586060,D,LNE3725PN
Driffield,01377 257751,D,LNE3725PN
Eastfield,01733 297251,E,LNE3725PN
Egginton Jn,01332 265407,EN,LNE3725PN
Elmton & Creswell,01909 720277,E,LNE3725PN
Ferrybridge Panel 1 (Knottingley/Ferrybridge),01904 525156,FE,LNE3725PN
Ferrybridge Panel 2 (Hensall/Sudforth Lane),01904 525128,FE,LNE3725PN
Fine Lane Crossing,01332 265415,,LNE3725PN
Foley Crossing,01782 320798,FY,LNE3725PN
Freemans,01670 520008,F,LNE3725PN
Frisby,0330 8525134,F,LNE3725PN
Gainsborough Central,07515 620680,GC,LNE3725PN
Gainsborough Trent Jn,03308 584998,C,LNE3725PN
Gascoigne Wood,01904 525553,GW,LNE3725PN
Goole,01405 761959,G,LNE3725PN
Goole Bridge,01430 430012,GB,LNE3725PN
Goxhill,01302 357659,G,LNE3725PN
Grangetown,01325 345260,G,LNE3725PN
Great Coates No.1,(UN-MANNED),GC,LNE3725PN
Haltwhistle,01434 320232,HW,LNE3725PN
Hammerton,01423 330250,H,LNE3725PN
Harrogate,01423 528735,LH,LNE3725PN
Haydon Bridge,01434 684610,HB,LNE3725PN
Heaton Control Tower,0191 2214795,CT,LNE3725PN
Heckington,03308584569,HN,LNE3725PN
Heighington,033085 26008,"H, S, T",LNE3725PN
Hellifield,01729 851387,HD,LNE3725PN
Hessle Road,03308588048,HR,LNE3725PN
Hexham,01434 609126,HE,LNE3725PN
Hilton Crossing,01332 264526,HE,LNE3725PN
Holton-le-Moor,01673 828998,HM,LNE3725PN
Horbury Jn,01132 479912,HJ,LNE3725PN
Hubberts Bridge,01205 290576,HB,LNE3725PN
Hutton Bonville TSC,033085 26018,"Y, T",LNE3725PN
Hull Paragon,03308588051,HP,LNE3725PN
Immingham Rec Sidings,01469 578028,IR,LNE3725PN
Immingham West Jn.,01463 572967,IW,LNE3725PN
Keadby Canal,01472 266479,N/A,LNE3725PN
Kentish town,085 86421 (0330 858 6241),,LNE3725PN
St Pancras (HL)-/- dock in north to Belsize tunnel,,,LNE3725PN
Ketton,0330 8525590,K,LNE3725PN
Kirkham Abbey,01653 618013,K,LNE3725PN
Kiveton,03308584990,KS,LNE3725PN
Kirton Lime Sidings,01909 536631,K,LNE3725PN
Kiveton Park,01909 536645,KS,LNE3725PN
Knaresborough,01423 860260,K,LNE3725PN
Langham Jn,0330 8525139,LN,LNE3725PN
Langworth,01522 753702,L,LNE3725PN
LINCOLN CONTROL,,,LNE3725PN
CENTRE,,,LNE3725PN
City Workstation #1,01472 266348,BL/LG/SL,LNE3725PN
Metheringham (excl) to East Holmes Jn (inclusive),01522 787533,,LNE3725PN
East Workstation # 3,01472 266344,WS/SL,LNE3725PN
Gosberton (excl) to Metheringham (inclusive),01522 533559,,LNE3725PN
South Workstation # 4,01472 266355,WS,LNE3725PN
Werrington Jn (excl) to Gosberton (inclusive),01522 536298,,LNE3725PN
West Workstation.#2,01472 266347,LG NL,LNE3725PN
East Holmes Jn (excl) to G. Trent E JN & C. Willingham (excl) to Hykeham,01522 787530,,LNE3725PN
Lichfield TV Jn SB,01543 410191,TV,LNE3725PN
Longbeck,01325 345453,L,LNE3725PN
Low Gates,033085 26021 033085 26019,"LG, Y",LNE3725PN
Low Row,01697 746242,LR,LNE3725PN
Maltby Colliery,01709 815106,M,LNE3725PN
Malton,01904 523204,M,LNE3725PN
Mantle Lane,01332 265403,ML,LNE3725PN
Manton Jn,0330 8586233,MJ,LNE3725PN
Melton Mowbray,0330 8525581,MN,LNE3725PN
Middlesbrough,01325 345317,M,LNE3725PN
Milford,01904 525527,M,LNE3725PN
Moira West Jn (MW),01332 265487,MW,LNE3725PN
Morpeth,01670 503575,M,LNE3725PN
Northorpe,07710 938240,N,LNE3725PN
Nunthorpe,01642 324768,N,LNE3725PN
Northallerton TSC,033085 26018,"Y, T",LNE3725PN
Oakham,0330 8525138,OM,LNE3725PN
Oxmarsh Crossing,01469 563209,OM,LNE3725PN
Redcar,01325 345452,R,LNE3725PN
Duty Shift Manager,0330 858 4004,,LNE3725PN
Peterborough South Panel,,,LNE3725PN
Sandy – Holme LC,0330 852 5180,P,LNE3725PN
Holme LC – Peterborough station south,0330 852 5182,,LNE3725PN
Peterborough North Panel,,,LNE3725PN
Peterborough Station south – Tallington LC,0330 852 5181,P,LNE3725PN
Tallington LC - Stoke,0330 8525179,P,LNE3725PN
Poppleton,01904 523730,P,LNE3725PN
Prince of Wales,01904 525137,P,LNE3725PN
Preston Panel A,01772 551 270,PN,LNE3725PN
Preston Panel B,01772 551 266,PN,LNE3725PN
Preston Panel C,01772 551 265,PN,LNE3725PN
Preston Panel D,01772 551 605,PN,LNE3725PN
Prudhoe,01661 835270,PE,LNE3725PN
Pyewipe Road,(UN-MANNED),P,LNE3725PN
Rauceby,03308525003,RY,LNE3725PN
Redcar Central,01325 345452,R,LNE3725PN
Roddige Crossing,01332 265416,N/A,LNE3725PN
Scropton,0330 8584094,SN,LNE3725PN
Scunthorpe,01472 266461,S,LNE3725PN
Seamer,01904 523212,SR/YS,LNE3725PN
Selby,01904 525528,S,LNE3725PN
Shildon,01388 777958,S,LNE3725PN
Shirebrook Jn,03308588040,SJ,LNE3725PN
Sibsey,,S,LNE3725PN
Skegness,01754 764859,S,LNE3725PN
Sleaford East,01529 415808,SE,LNE3725PN
Sleaford West,01529 307476,SW,LNE3725PN
Starbeck,01423 881503,S,LNE3725PN
Strensall,03308 520175,S,LNE3725PN
Sudbury,0330 8584098,SY,LNE3725PN
Swinderby,01522 869481,S,LNE3725PN
Tees,01325 345437,TY,LNE3725PN
Thoresby Colliery Jn,01623 824627,T,LNE3725PN
Thorpe Culvert,01754 880385,TC,LNE3725PN
THREE BRIDGES ROC,,,LNE3725PN
(TWH) Core Central Workstation Farringdon (EXCL) / St Pancras to Dock Jn,01293 621367,TWH,LNE3725PN
(TVS) Core South Workstation Farringdon (INC) to Loughborough Jn / Elephant and Castle,01293 621369,TVS,LNE3725PN
Thrumpton,03308587753,TN,LNE3725PN
Tutbury,01332 264127,TY,LNE3725PN
Tweedmouth,0191 2214440,TW,LNE3725PN
Thoresby,03308588039,T,LNE3725PN
Tursdale TSC,033085 26000,T,LNE3725PN
TYNESIDE,,,LNE3725PN
Tyneside ROC Duty Shift Manager,0191 2213670,,LNE3725PN
Tyneside ROC Ashington Workstation,03308 586238,BA,LNE3725PN
Tyneside ROC Darlington Workstation N. Northallerton T970/T971 to Chester Moor T283/T286.,0191 2330446,T,LNE3725PN
"Tyneside ROC Gateshead Workstation Chester Moor T281/T284 , Blaydon T266/T267 to KEB T241/T243/T245/T247, HL via Greensfield T547/T549 , Heworth T58/T57.",0191 2330447,T,LNE3725PN
"Tyneside ROC Newcastle Workstation KEB T481/T483/T485/T487 to HL via Station T522/T524, Plassey T671/T674",0191 2330448,T,LNE3725PN
"Tyneside ROC Sunderland Workstation Heworth T63/T64 to Ryhope T6203/T6204, + South Hylton and Tyne Dock branches.",0191 2213369,T,LNE3725PN
Uffington,0330 8584060,UN,LNE3725PN
Uttoxeter,03308584095,UR,LNE3725PN
Uttoxeter Fax,0330 8584100,,LNE3725PN
Wainfleet,01754 880365,W,LNE3725PN
Wakefield Kirkgate,01132 479928,WK,LNE3725PN
Weaverthorpe,01904 523208,W,LNE3725PN
WEST HAMPSTEAD (WH),,,LNE3725PN
Belsize tunnel to elstree tunnel,004 8577 (020 7644 8577),,LNE3725PN
Whissendine,0330 8584738,N,LNE3725PN
Whitehouse,,,LNE3725PN
Wickenby,,,LNE3725PN
Winning,,,LNE3725PN
Woodburn Jn,,,LNE3725PN
Woodhouse Jn,,,LNE3725PN
Woolley Coal Siding,,,LNE3725PN
Worksop,,,LNE3725PN
Wyfordby Crossing,0330 8525130,,LNE3725PN
Wylam,01661 853547,WM,LNE3725PN
Wymondham Crossing,0330 8584739,,LNE3725PN
Worksop,03308521569 03308525170,WP,LNE3725PN
York Rail Operating Centre (YROC),,,LNE3725PN
YORK ROC,,,LNE3725PN
Shift Signalling Manager (Kings Cross Sub-ROC),033 08542108 033 08542107,"YA, K",LNE3725PN
Hitchin Workstation,020 89290508,K,LNE3725PN
Langley Workstation,020 89290505,"WL, K",LNE3725PN
Wood Green Workstation,020 73144137,K,LNE3725PN
Finsbury Park Workstation,020 89290503,K,LNE3725PN
Kings Cross Workstation,020 89290502,"YA, K",LNE3725PN
Shift Signalling Manager (Sheffield Sub-ROC),033 085 42008,,LNE3725PN
Hartlepool Workstation,033-085-42009,"NS, NF & RG",LNE3725PN
Halifax Workstation,,,LNE3725PN
Weasel Hall Tunnel (Inclusive) and Greetland Jn (Exclusive) to Bradford Interchange (Inclusive). Bradford Interchange (Inclusive) to Holbeck Jn (Exclusive),033-085-42007,"HG, MM, DH, HB",LNE3725PN
Huddersfield Workstation,,,LNE3725PN
Standedge Tunnel (Inc) and Greetland Jnc (Incl) to Dewsbury Station and Horbury Junction SB (Exc),033-085-42005,"HU, DH, HM",LNE3725PN
Clayton West Junction (Incl) to Huddersfield Station,,,LNE3725PN
North Lincolnshire WS 1,033-085-42003,"BD, BG, BL, CB, B",LNE3725PN
Brocklesby West Jn (Incl) to Brigg (Excl),,,LNE3725PN
Wrawby Jn (Incl) to Holton le Moor (Excl),,,LNE3725PN
Wrawby Jn (Incl) to Foreign Ore Branch Jn (Excl),,,LNE3725PN
North Lincolnshire WS 2,,,LNE3725PN
Cleethorpes to Brocklesby East Jn (Excl),033-085-42004,"ST, P, CB, MB",LNE3725PN
Ulcerby North Jn (Inc) to Goxhill SB (Excl),,,LNE3725PN
Ulceby North Jn to Humber Road Jn,,,LNE3725PN
Immingham East (Excl) to Pyewipe Road SB (Excl) and Immingham reception,,,LNE3725PN
Marsh West Jn to Great Coates No 1 Signalbox (Excl),,,LNE3725PN
Brocklesby West Jn (Excl) to Ulceby North Jn (Incl),,,LNE3725PN
"Rotherham WS Hexthorpe Junction (exclusive), Bolton-Upon-Dearne (inclusive) Tapton Junction (exclusive) Woodburn (exclusive) Beighton Jnc (Exclusive) and Meadowhall (Exclusive) Barrow Hill, Masborough and Rotherham Central",033-085-42002,S,LNE3725PN
"Sheffield WS Sheffield Station. Totley Tunnel East (exclusive), Dronfield (inclusive) and Tapton Junction (exclusive). and Meadowhall (Inclusive)",033-085-42001,S,LNE3725PN
YORK ROC Brough WS Howden (exclusive) to Hessle (exclusive) and Goole Bridge (exclusive) to Gilberdyke Jn (inclusive),033-085-420-06,"TG, SG, GH",LNE3725PN
Signaller Shift Manager (Leeds Sub-ROC),01904 644252,,LNE3725PN
York North Workstation,0330 854 2382,Y,LNE3725PN
(Skelton to Northallerton),,,LNE3725PN
York South Workstation,0330 854 2381,Y,LNE3725PN
"(Heck to York Station, also",,,LNE3725PN
Scarborough Branch),,,LNE3725PN
YROC Middlesbrough Workstation,033 085 42010,"DS, MW",LNE3725PN
Leeds East Workstation,0330 854 2378,L,LNE3725PN
Leeds East Assist Workstation,0330 854 2349,CF,LNE3725PN
Leeds North West Workstation,0330 854 2376,L,LNE3725PN
Leeds West Workstation,0330 854 2377,"L, S",LNE3725PN
(Leeds W. Jn - Armley Jn /,,,LNE3725PN
New Purse/ Cot Tingley/,,,LNE3725PN
Ardsley Tun / Woodlesford),,,LNE3725PN
Leeds Ardsley Workstation,0330 854 2380,L,LNE3725PN
(Ardsley Tun – S. Elmsall,,,LNE3725PN
Goldthorpe – South Kirkby Jn),,,LNE3725PN
St Pancras (HL) / Dock Jn North to Oakley.,085 84900 (0330 858 4900),,LNE3725PN
Shift Signaller Manager,,,LNE3725PN
ECO York 74 4081 03,,,LNE3725PN
ECO Derby NO GSM-R CONTACT NUMBER,,,LNE3725PN
Emergency: 178 or 085 40970 / 033 085 40970 085 49150 / 033 085 49150 No fax derbyecr@networkrail.co.uk Covers City Thameslink / London St. Pancras High Level (domestic platforms 1-4) to Kettering North Jn / Corby,,,LNE3725PN
ECR YORK,,,LNE3725PN
Emergency: 173 + 174 / 0845 6020 173 + 0845 6020 174 york.ecryork@networkrail.co.uk,03 75622 / 01904 525 622 03 75952 / 01904 525 952,,LNE3725PN
Planning Office yorkecr.planning@networkrail.co.uk,085 42185 / 033 085 42185 085 42186 / 033 085 42186,,LNE3725PN
"From 27th May 2023 City Thameslink / London St. Pancras Hi controlled by new ECR at Derby, see above.",High Level (domestic platforms 1-4,,LNE3725PN
ECO ECO Derby NO GSM-R CONTACT NUMBER,,,LNE3725PN
ECO Emergency: 178 or 085 40970 / 033 085 40970 085 49150 / 033 085 49150 No fax derbyecr@networkrail.co.uk Covers City Thameslink / London St. Pancras High Level (domestic platforms 1-4) to Kettering North Jn / Corby,,,LNE3725PN
ECO ECR YORK,,,LNE3725PN
ECO Emergency: 173 + 174 / 0845 6020 173 + 0845 6020 174 york.ecryork@networkrail.co.uk,,,LNE3725PN
ECO Planning Office yorkecr.planning@networkrail.co.uk,,,LNE3725PN
"ECO From 27th May 2023 City Thameslink / London St. Pancras Hi controlled by new ECR at Derby, see above.",,,LNE3725PN
ECO Cathcart,0141 632 3688 0141 632 5724,,LNE3725PN
ECO Lewisham,0208 692 6786,,LNE3725PN
ECO Romford,01708-730292 01708-730314,,LNE3725PN
ECO Rugby (including former Willesden area),01788 576256/ 57 01788 555422,,LNE3725PN
ECO York (North of North Muskham neutral section at Newark),01904 525622,,LNE3725PN
ECO York (Sth of Nth Muskham At Newark),01904 525836,,LNE3725PN
ECO Derby between City Thameslink / St. Pancras (High Level) & Kettering North Jn/Corby),0330 85491 0330 854 0970 (emergency),,LNE3725PN
Appleby North SB,033 085 29811,AN,LNWN3725PN
Arnside SB,033 085 31836,AE,LNWN3725PN
Arpley Junction SB,033 085 29765,AJ,LNWN3725PN
Askam SB,033 085 31831,AM,LNWN3725PN
Astley SB,033 085 29728,AY,LNWN3725PN
Bamber Bridge Station GF,033 085 63322,-,LNWN3725PN
Bangor SB,033 085 86666,BR,LNWN3725PN
Barrow-in-Furness SB,033 085 31824,BF,LNWN3725PN
Beeston Castle & Tarporley SB,033 085 53247,BC,LNWN3725PN
Blea Moor SB,033 085 30511,BM,LNWN3725PN
Bootle SB,033 085 31849,BE,LNWN3725PN
Bransty SB,033 085 53359,BY,LNWN3725PN
Bromley Cross LC,033 085 20201,-,LNWN3725PN
Burneside Higher LC,033 085 53275,-,LNWN3725PN
Burscough Bridge Junction SB,033 085 58491,BB,LNWN3725PN
Buxton SB,033 085 29242,BN,LNWN3725PN
Carlisle PSB Shift Signaller Manager,033 085 86271 033 085 87279 033 085 86267,-,LNWN3725PN
Carlisle PSB – South Panel (Carnforth North Jn to Wreay; Oxenholme to Windermere),033 085 86268,CE,LNWN3725PN
Carlisle PSB – Middle Panel (Wreay to Caldew Jn; Wigton to Carlisle),033 085 86269,CE,LNWN3725PN
Carlisle PSB – North Panel (Caldew Jn to Cranberry / Annan; Kingmoor Complex),033 085 87280,CE,LNWN3725PN
Carnforth Station Junction SB,033 085 53398,CS,LNWN3725PN
Castleton East Junction SB,033 085 53054,CE,LNWN3725PN
Chapel-en-le-Frith SB,033 085 29246,CH,LNWN3725PN
Chester PSB – Chester Panel,033 085 53205,CR,LNWN3725PN
Chester PSB – Hooton Panel,033 085 53213,HN,LNWN3725PN
Chinley SB,033 085 29235,CY,LNWN3725PN
Crewe SCC – North Panel,033 085 57809,CE,LNWN3725PN
Crewe SCC – South Panel,033 085 57810,CE,LNWN3725PN
Crewe Coal Yard SB,033 085 57812,CY,LNWN3725PN
Crewe Steel Works SB,033 085 57806,SW,LNWN3725PN
Croes Newydd North Fork SB,033 085 53681,CN,LNWN3725PN
Culgaith SB,033 085 29813,C,LNWN3725PN
Daisyfield SB,033 085 53414,DS,LNWN3725PN
"Dalton Junction SB (If closed, calls divert to Barrow-in-Furness SB)",033 085 31833,DJ,LNWN3725PN
Deansgate Junction SB,033 085 29359,DJ,LNWN3725PN
Dee Marsh Junction SB,033 085 53239,DM,LNWN3725PN
Deganwy SB,033 085 87255,DY,LNWN3725PN
Denton Junction SB,033 085 86266,DJ,LNWN3725PN
Diggle Junction SB,033 085 53068,DE,LNWN3725PN
Dinting SB,033 085 53088,DG,LNWN3725PN
Drigg SB,033 085 53370,DG,LNWN3725PN
Earles Sidings SB,033 085 29248,ES,LNWN3725PN
Eccles SB,033 085 53092,ES,LNWN3725PN
Edale SB,033 085 29247,EE,LNWN3725PN
Edgeley Junction No.1 SB,033 085 29349,EY1,LNWN3725PN
Edgeley Junction No.2 SB,033 085 29350,EY2,LNWN3725PN
Ellesmere Port SB,033 085 53214,EP,LNWN3725PN
Fiddlers Ferry Power Station SB,033 085 29755,FF,LNWN3725PN
Foxfield SB,033 085 31846,FD,LNWN3725PN
Frodsham Junction SB,033 085 53828,FJ,LNWN3725PN
Furness Vale SB,033 085 20208,FV,LNWN3725PN
Gaerwen SB,033 085 86673,GN,LNWN3725PN
Garsdale SB,033 085 29803,GD,LNWN3725PN
Glazebrook East Junction SB,033 085 53062,GE,LNWN3725PN
"Grange-over-Sands SB (If closed, calls divert to Arnside SB)",033 085 31829,GO,LNWN3725PN
Great Rocks Junction SB,033 085 29243,GR,LNWN3725PN
Greenbank PSB,033 085 20182,GK,LNWN3725PN
Gresty Lane SCC,033 085 58135,GL,LNWN3725PN
Hazel Grove PSB,033 085 29368,HG,LNWN3725PN
Heaton Norris Junction SB,033 085 29378,HN,LNWN3725PN
Hellifield SB,033 085 86807,HD,LNWN3725PN
Helsby Junction SB,033 085 53215,HY,LNWN3725PN
Holyhead SB,033 085 87211,HD,LNWN3725PN
Horrocksford Junction SB,033 085 53438,HJ,LNWN3725PN
Howe & Co’s Sidings SB,033 085 29668,HS,LNWN3725PN
Huncoat LC,033 085 53443,-,LNWN3725PN
Hunts Cross SB,033 085 58499,HC,LNWN3725PN
Kirkby Stephen SB,033 085 29812,KS,LNWN3725PN
Kirkby Thore SB,033 085 29809,KT,LNWN3725PN
Kirksanton LC,033 085 25192,-,LNWN3725PN
Limestone Hall LC,033 085 25193,-,LNWN3725PN
Litton’s Mill Crossing LC,033 085 29757,-,LNWN3725PN
Llandudno Junction SB,033 085 87272,LJ,LNWN3725PN
Llandudno Station SB,033 085 86660,LO,LNWN3725PN
Llanrwst SB,033 085 86681,LT,LNWN3725PN
Low House Crossing SB,033 085 29681,LH,LNWN3725PN
Manchester East SCC (Ashburys (incl.) to Hyde Jn (incl.); Hyde Jn to Romiley Jn; Ashburys to Strines (excl.)),033 085 29375 033 085 29389,"GB, AS, RJ",LNWN3725PN
Manchester Piccadilly – Shift Signalling Manager,033 085 53077 033 085 53078,-,LNWN3725PN
Manchester Piccadilly – Station Panel (Ardwick Jn to Manchester Piccadilly (incl.)),033 085 53007,MP,LNWN3725PN
Manchester Piccadilly – Longsight Panel (Ardwick Jn (excl.) to Heaton Norris Jn),033 085 53008,MP,LNWN3725PN
Manchester Piccadilly – Heald Green Panel (Slade Lane Jn (excl.) to Manchester Airport; Heald Green North Jn to Wilmslow (excl.)),033 085 53044,MP,LNWN3725PN
Manchester Piccadilly – Windsor Bridge Panel (Westhoughton to Lostock Jn; Bromley Cross to Bolton; Adlington to Ordsall Lane Jn (excl.); Windsor Bridge North Jn to Pendlebury Tunnel),033 085 53010,MP,LNWN3725PN
Manchester Piccadilly – Crow Nest Workstation (Hindley to Westhoughton; Crow Nest Jn to Pendlebury Tunnel),033 085 55026,MP,LNWN3725PN
Manchester ROC – Blackpool Workstation (All lines from Preston Fylde Jn (exclusive) to Blackpool North and Blackpool South),033 085 58010,BL,LNWN3725PN
Manchester ROC – Crewe Independent Lines Workstation,033 085 58014,IL,LNWN3725PN
Manchester ROC – Crewe South Workstation (Basford Hall Junction area),033 085 58015,CS,LNWN3725PN
Manchester ROC – Lime Street Workstation (All lines from Edge Hill (exclusive) to Liverpool Lime Street station),033 085 58008,LL,LNWN3725PN
Manchester ROC – Liverpool Workstation (Edge Hill West Jn (incl.) to Thatto Heath / Rainhill / Wavertree Jn),033 085 58001,"LL, LE",LNWN3725PN
Manchester ROC – Macclesfield Workstation (Congleton to Prestbury),033 085 58009,MD,LNWN3725PN
Manchester ROC – Manchester Central Workstation (Eccles (excl.) through Ordsall Lane Jn to Miles Platting Jn (excl.)),033 085 58002,"MN, MC",LNWN3725PN
Manchester ROC – Manchester North Workstation (Miles Platting Jn (incl.) to Vitriol Works (excl.) / Diggle Jn (excl.) / Philips Park South Jn. (incl.)),033 085 58003,MN,LNWN3725PN
Manchester ROC – Oxford Road Workstation (Manchester West End Platforms 13/14 to Flixton (Cheshire Lines)),033 085 58004,"MC, MP",LNWN3725PN
Manchester ROC – Wavertree Workstation (Weaver Jn (excl.) to Halewood West Jn (incl.)),033 085 58007,"WE, DN",LNWN3725PN
Manchester ROC – Wavertree West Workstation (Halewood West Jn (excl.) to Wavertree Jn (excl.)),033 085 58006,WE,LNWN3725PN
Manchester ROC – Supervisor Desk,033 085 58000 033 085 58050,-,LNWN3725PN
Manchester ROC – Control Centre Technician,033 085 58051 033 085 58052,-,LNWN3725PN
Manchester South (Adswood Road Jn to Crewe North Jn (excl.); Cheadle Hulme Jn to Prestbury (excl.)),033 085 29363,MS,LNWN3725PN
Maryport Station SB,033 085 86884,MS,LNWN3725PN
Merseyrail SCC – Shift Signaler Manager,033 085 58496,ML,LNWN3725PN
Merseyrail SCC – Northern Lines Workstation,033 085 58261,ML,LNWN3725PN
Merseyrail SCC – Wirral lines Workstation,033 085 58264,ML,LNWN3725PN
Mickle Trafford SB,033 085 53240,MT,LNWN3725PN
Midge Hall SB,033 085 63351,MH,LNWN3725PN
Millom SB,033 085 31832,MM,LNWN3725PN
Mobberley SB,033 085 29347,MY,LNWN3725PN
Monk’s Siding SB,033 085 29756,MS,LNWN3725PN
New Mills Central SB,033 085 53087,NM,LNWN3725PN
New Mills South Junction SB,033 085 29241,NMS,LNWN3725PN
Norbury Hollow LC,033 085 29379,-,LNWN3725PN
Northenden Junction SB,033 085 29366,NJ,LNWN3725PN
Parbold SB,033 085 31505,PD,LNWN3725PN
Park South SB,033 085 31830,PS,LNWN3725PN
Peak Forest South SB,033 085 55038,PF,LNWN3725PN
Penmaenmawr SB,033 085 86662,PR,LNWN3725PN
Penyffordd SB,033 085 53234,PD,LNWN3725PN
Plumley West SB,033 085 20188,PY,LNWN3725PN
Preston PSB – Shift Signaller Manager,033 085 63385,-,LNWN3725PN
Preston PSB – ‘A’ Panel (Blackburn to Hebden Bridge; Gannow Jn to Colne; Hall Royd Jn to Smithy Bridge),033 085 63393,PN,LNWN3725PN
Preston PSB – ‘B’ Panel (Blackburn to Bromley Cross (excl.); Blackburn to Farington Curve Jn; Coppull to Farington Curve Jn (excl.); Farington Curve Jn to Midge Hall (excl.); Euxton Jn to Blackrod (excl.)),033 085 63394,PN,LNWN3725PN
Preston PSB – ’C’ Panel (Skew Bridge to Broughton North; Preston Fylde Jn to Salwick (excl.)),033 085 63397,PN,LNWN3725PN
Preston PSB – ‘D’ Panel (Broughton North to Carnforth North Jn; Morecambe South Jn / Hest Bank Jn to Heysham Port),033 085 63402,PN,LNWN3725PN
Rainford Junction SB,033 085 31509,RJ,LNWN3725PN
Rochdale West SB,033 085 53059,TH,LNWN3725PN
Rufford SB,033 085 20193,RD,LNWN3725PN
Rugby ROC – Colwich Workstation (Atherstone to Colwich North Jn (incl.) (Down line) / Shugborough Tunnel (incl.) (Up line)),033 085 42637,"LS, CM, RR",LNWN3725PN
Rugby ROC – Stafford Workstation (Colwich North Jn (excl.) (Down line) / Shugborough Tunnel (excl.) (Up line) to Basford Hall Jn (excl.); Penkridge to Stafford),033 085 42543,"LS, SC, WS, NS",LNWN3725PN
St. Bees SB,033 085 53366,SB,LNWN3725PN
St. Helens Station SB,033 085 29743,SH,LNWN3725PN
Saltcoats LC,-,-,LNWN3725PN
Sellafield SB,033 085 53369,SD,LNWN3725PN
Settle Junction SB,033 085 30512,SJ,LNWN3725PN
Silecroft SB,033 085 31848,ST,LNWN3725PN
Skelly Crag LC,033 085 31825,-,LNWN3725PN
Stockport No.1 SB,033 085 29382,ST1,LNWN3725PN
Stockport No.2 SB,033 085 29345,ST2,LNWN3725PN
Stoke-on-Trent SCC – North Panel (Congleton to Trentham),033 085 57453,SOT,LNWN3725PN
Stoke-on-Trent SCC – South Panel (Trentham to Highfields LC),033 085 53988,SOT,LNWN3725PN
Tal-y-Cafn LC,-,-,LNWN3725PN
Towneley LC,033 085 53424,-,LNWN3725PN
Ulverston SB,033 085 31828,UN,LNWN3725PN
Valley SB,033 085 87219,VY,LNWN3725PN
Vitriol Works SB,033 085 53129,VW,LNWN3725PN
Wales ROC – Rhyl Workstation (Shotton Low Level (excl) to Llysfaen GF (excl)),02920 641 386,FH,LNWN3725PN
Wales ROC – Shrewsbury North Workstation,02920 920 759,SC,LNWN3725PN
Warrington PSB – Shift Signaller Manager,033 085 86263,-,LNWN3725PN
Warrington PSB – North Panel (Standish to Bamfurlong Jn),033 085 87278,WN,LNWN3725PN
Warrington PSB – Middle Panel (Astley (excl.) to Rainhill (excl.); Bamfurlong Jn to Winwick Jn),033 085 86264,WN,LNWN3725PN
Warrington PSB – South Panel (Winwick Jn to Weaver Jn (excl.); Norton (excl.) to Acton Grange Jn),033 085 86262,WN,LNWN3725PN
Warrington Central SB,033 085 29762,WC,LNWN3725PN
Wigan Wallgate SB,033 085 31506,WW,LNWN3725PN
Wigton SB,033 085 29684,WN,LNWN3725PN
Winsford SB,033 085 57808,WD,LNWN3725PN
Workington Main No.2 SB,033 085 53363,WN2,LNWN3725PN
Workington Main No.3 SB,033 085 53364,WN3,LNWN3725PN
York ROC – Sheffield Outer Workstation (Dore West Jn to Earles Sidings (excl.)),033 085 42011,DE,LNWN3725PN
Rugby,085 41110 (emergency only) 085 41111,033 085 41110 (emergency only 033 085 41111,LNWN3725PN
Crewe,085 41095 (emergency only) 085 41096,033 085 41095 (emergency only) 033 085 41096 01270 255 582,LNWN3725PN
Cathcart,085 41080 (emergency only) 085 41081,033 085 41080 (emergency only) 033 085 41081,LNWN3725PN
Sandhills,085 41090 (emergency only) 085 41091,033 085 41090 (emergency only) 033 085 41091,LNWN3725PN
ECO Rugby,033 085 41110 (emergency only 033 085 41111,,LNWN3725PN
ECO Crewe,033 085 41095 (emergency only) 033 085 41096 01270 255 582,,LNWN3725PN
ECO Cathcart,033 085 41080 (emergency only) 033 085 41081,,LNWN3725PN
ECO Sandhills,033 085 41090 (emergency only) 033 085 41091,,LNWN3725PN
Aston,0330 854 9391,AN,LNWS3725PN
Droitwich Spa,0330 8549374,DS,LNWS3725PN
Henwick,0330 8549378,HK,LNWS3725PN
Ledbury,0330 854 9381,L,LNWS3725PN
Lichfield Trent Valley Junction,01543 410 191,TV,LNWS3725PN
LUL Metropolitan Line Control GSM-R coverage area: Neasden Jn to Amersham (Network Rail / LUL boundary),,JB,LNWS3725PN
Malvern Wells,0330 8549380,MW,LNWS3725PN
Marston Vale SCC (East workstation) (Marston LC to Bedford),0330 8542622,MV,LNWS3725PN
Marston Vale SCC (West workstation) (Bletchley to Lidlington),0330 8542621,MV,LNWS3725PN
Marylebone South (Marylebone to Saunderton station (inclusive); Neasden South Jn to Harrow-on-the-Hill; Neasden South Jn to Neasden Jn (Route boundary); South Ruislip to Greenford West Jn (Route boundary)),0330 085 2620,ME,LNWS3725PN
Marylebone North (Saunderton station (exclusive) to site of former Aynho Park Jn; Princes Risborough to Aylesbury; Amersham (Network Rail / LUL boundary) to Aylesbury),0330 085 2619,"ME, OB",LNWS3725PN
Newland East,0330 8549379,NE,LNWS3725PN
Norton Jn,0330 8549382,NJ,LNWS3725PN
Rugby SCC Shift Signalling Manager South SSM; North SSM,0330 8542633 0330 8542634,,LNWS3725PN
Rugby SCC – Bletchley Workstation (Soulbury Road HABDs to Wolverton (incl.)),0330 8542628,"TK, KR",LNWS3725PN
Rugby SCC – Northampton Workstation (Wolverton (excl.) to Hillmorton Jn (excl.) (via Weedon and via Northampton)),0330 8542629,"KR, HN, RY",LNWS3725PN
Rugby SCC – Rugby Workstation (Hillmorton Jn (incl.) to Shilton; Rugby to Brandon),0330 8542630,"KR, NR, RN, RC",LNWS3725PN
Rugby SCC – Nuneaton Workstation (Shilton to Atherstone (incl.); Stockingford to Nuneaton to 2m 62ch (Route boundary) on the Arley / Hinckley lines; Nuneaton to 6m 70ch on the Bedworth lines),0330 8542631,"RN, NL, CN, WN, NW",LNWS3725PN
Rugby SCC – Tring Workstation (Kings Langley to Soulbury Road HABDs),0330 854 2627,"WT, TK",LNWS3725PN
Rugby ROC – Claydon Workstation (Gavray Jn to Flyover Summit Jn (incl.). Flyover Summit Jn to Fenny Stratford Jn).,0330 858 9000,OB,LNWS3725PN
Rugby ROC – Colwich Workstation (Atherstone (excl.) to Shugborough),0330 854 2637,"NL, LS",LNWS3725PN
Tyseley No.1,0121 345 5828,TY1,LNWS3725PN
Wembley Mainline SCC Shift Signaller Manager,0330 852 6414 0330 852 6415 0330 852 6416,,LNWS3725PN
Wembley Mainline SCC – Euston Panel (Euston to Park Street Tunnels),0330 852 6412,WM,LNWS3725PN
Wembley Mainline SCC – Camden Panel (Park Street Tunnels to Kensal Green Tunnel),0330 852 6413,WM,LNWS3725PN
Wembley Mainline SCC – Willesden Panel (Kensal Green Tunnel to Wembley Yard),0330 852 6417,WM,LNWS3725PN
Wembley Mainline SCC – Watford Workstation (Willesden Jn to Kings Langley; Watford Junction to St. Albans Abbey),0330 852 6418,"WM, WT",LNWS3725PN
Wembley Mainline SCC – Suburban Workstation (DC Electric lines: South Hampstead to Watford Junction),0330 852 6435,WS,LNWS3725PN
Wembley Mainline SCC - Supervisor Workstation,0330 852 6436,-,LNWS3725PN
Wembley Yard,0330 852 6443,WY,LNWS3725PN
West Midlands S.C – Bescot Workstation (Hamstead to Portobello Jn (excl)),0121 576 2064,SB,LNWS3725PN
West Midlands S.C. – Bromsgrove Workstation (Barnt Green (excl.) to Ashchurch (excl.); Stoke Works Jn to Droitwich Spa (excl.)),0121 576 2166,"BA, WB",LNWS3725PN
West Midlands S.C. – Cherwell Valley Workstation (Heyford to Leamington Spa),0121 576 2083,"OL, NA, LN",LNWS3725PN
West Midlands S.C – Coventry Workstation (Brandon to Hampton-in-Arden (excl.) Kenilworth (incl.) to Coventry; Coventry to Coventry Arena),0121 345 5720,"RC, CB, CN, LC",LNWS3725PN
West Midlands S.C. – Kings Norton Workstation (Five Ways to Barnt Green (incl.); Barnt Green to Redditch; Moseley (excl.) to Kings Norton),0330 854 9360,"BB, SY",LNWS3725PN
"West Midlands Shift Signal Manager South (Stourbridge, Snow Hill, North Warwick Workstations )",0121 345 5820,,LNWS3725PN
West Midlands S.C. - North Warwick Workstation (Warwick (incl) to Solihull (excl); Hatton to Bearley Junction; Stratford-upon-Avon to Yardley Wood (excl)),0121 345 5821,"LJ, HS, WM, TB",LNWS3725PN
West Midlands S.C. – Birmingham New Street Shift Signalling Manager,0330 854 9359,,LNWS3725PN
"West Midlands S.C. – Proof House Workstation Hampton-in-Arden (incl.) to New Street South Tunnel (excl.), Aston South Jn to Stechford North Jn(excl.); Aston North Jn to Gravelly Hill Cross Over (excl.); Duddeston to Witton (excl.)",0330 854 9357,"AW, SB, PA, SD",LNWS3725PN
West Midlands S.C. - Snow Hill Workstation (Solihull (incl) to Jewellery Quarter (incl); Yardley Wood (incl) to Tyseley South Jn),0121 345 5822,"TB, LJ, WM",LNWS3725PN
West Midlands S.C. – Stourbridge Workstation,0121 345 5711,"DR, SJ",LNWS3725PN
West Midlands S.C. – Stour Valley Workstation (Galton Jn to Smethwick Jn; Soho South Jn to Perry Barr South Jn; Soho North Jn to Soho East Jn; Perry Barr West Jn to Perry Barr North Jn); Witton (incl.) to Hamstead; Soho South Jn to Tipton (incl.),0330 854 9358,"BW, SP, GS, SB",LNWS3725PN
West Midlands S.C. – Birmingham New Street Workstation (New Street South Tunnel (Incl.) to Monument Lane South Jn (incl.) Down Stour / from Winson Green (incl.) Up Stour. New Street to Five Ways),0330 854 9390,"BB, BM, BW, CB, WP",LNWS3725PN
"West Midlands Shift Signal Manager Wolverhampton Area (Telford, Walsall, Wolverhampton Workstations)",0121 576 2080,,LNWS3725PN
Worcester Shrub Hill,0330 8549375 0330 8549376,SH,LNWS3725PN
Worcester Tunnel Jn,0330 8549377,TJ,LNWS3725PN
West Midlands S.C. – Telford Workstation (Oxley (incl.) to Abbey Foregate (excl.)),0121 345 5885,"OS, MJ",LNWS3725PN
West Midlands S.C. – Walsall Workstation (Bescot Jn (excl.) to Rugeley Trent Valley (excl.); Ryecroft Jn to Aldridge Jn (incl.)),0121 576 2074,"DR, RR",LNWS3725PN
West Midlands Shift Signal Manager (Washwood Heath and Water Orton),0121 576 2015,,LNWS3725PN
West Midlands S.C. – Water Orton Workstation (Tamworth (incl.) to Bromford Bridge (excl.); Stockingford to Water Orton; Water Orton to Aldridge Jn (excl.)),0121 576 2010,"WW, WP, NW",LNWS3725PN
West Midlands S.C. – Washwood Heath Workstation (Bromford Bridge (incl.) to Moseley (incl.)),0121 576 2011,"WP, LL",LNWS3725PN
West Midlands S.C. – Wolverhampton Workstation (Tipton (excl.) to Penkridge (excl); Darlaston Jn (excl.) to Bushbury Jn),0121 345 5877,"BW, WS, PC, SB",LNWS3725PN
Willesden Carriage Shed North,0330 852 6425,CN,LNWS3725PN
Willesden Carriage Shed South,0330 852 6426,CS,LNWS3725PN
ECO Crewe,033 085 41095 (emergency only) 033 085 41096 01270 255 582,,LNWS3725PN
ECO Rugby,033 085 41110 (emergency only 033 085 41111,,LNWS3725PN
Aberdeen,01224 577560,A,SC3725PN
Aberdeen SB,03308563270,,SC3725PN
Aberdeen SB (Fax),0330 856 3271,,SC3725PN
Annan,01461 205064,AN,SC3725PN
Annat Gate Box,01397 707709,,SC3725PN
Arbroath,01382 305247,AH,SC3725PN
Auchterarder,01738 646394,AR,SC3725PN
Burntisland,03308526160,,SC3725PN
Banavie North RETB,01397 707703,,SC3725PN
Banavie South RETB,01397 707711,,SC3725PN
Barrhead,0141 335 4261,BD,SC3725PN
Barnhill,01738 646388,,SC3725PN
Barrhill,01465 821229,BR,SC3725PN
Blackford,01738 646396,BK,SC3725PN
Blair Atholl,01738 646378,BA,SC3725PN
Carmont,01382 305219,CM,SC3725PN
Carnoustie,01382 305239,CA,SC3725PN
Cathcart,0141 335 6327,C,SC3725PN
Cowdenbeath,03308526163,,SC3725PN
Clachnaharry,01463 245068,,SC3725PN
Cowlairs Workstation- Falkirk Tunnel (incl) to Queen Street High Level Greenhill Lower Junction (excl) to Greenhill Upper Junction (incl) Cowlairs West Jn (incl) to Cowlairs North Jn (incl) West Curve Cowlairs North Jn (incl) to Knightswood North Jn (excl) Maryhill Park Jn to Anniesland Bay (incl) Cowlairs South Jn to Sighthill West Jn (incl) Chord line Cowlairs North Jn (incl) to Cowlairs East Jn (incl) East Curve Sighthill West Jn (incl) to Cowlairs West (excl) Cowlairs Workstation-,0330 852 6221,CC CE CQ CG GJ,SC3725PN
Cumbernauld Workstation – Greenhill Lower Jn (excl) to Garcosh Jn (incl) Greenhill Upper (excl) via Branch – Plean Larbert Jn to Polmont Jn EPB Carmuirs East Jn to Carmuirs West Jn Sighthill West Jn (excl) to Garcosh Jn Gartcosh Jn (incl) to Gartsherrie South Jn (excl) Springburn platform lines to Barnhill (incl) Railcare Arrival/Departure lines Garnqueen North Jn to Cowlairs West Jn,0330 852 6252,CN CS ECL,SC3725PN
Craigo,01382 305294,CO,SC3725PN
Cupar,0330 8526159,CP,SC3725PN
Dalwhinnie,01463 245125,DW,SC3725PN
Dumfries Station,01387 257200,"DS , DE",SC3725PN
Redford,03308526166,,SC3725PN
Townhill Relay Room Phone,03308526167,,SC3725PN
Ladbank Relay Room Phone,03308526168,,SC3725PN
Charlestown Relay Room Phone,03308526170,,SC3725PN
Dunblane,0141 335 7211,DB,SC3725PN
Dunblane SB,0330 853 0338,,SC3725PN
Dundee,0330 856 3307,,SC3725PN
Dundee,0330 856 3306,,SC3725PN
Dunkeld,01738 646374,DK,SC3725PN
Dunragit,01581 400684,DR,SC3725PN
Shift Manager,0330 852 6579,,SC3725PN
Workstation 1 - Monktonhall to Border,0330 852 6537,"EA, ED, EF, EG EM, EP",SC3725PN
"Workstation 2 - Craiglockhart Jn to Niddrie West, Abbeyhill to Monktonhall, Tweedbank to Newcraighall North Junction",0330 852 6560,"EP, EM, EMB",SC3725PN
"Workstation 3 - Edinburgh to Haymarket Stn, Edinburgh to Abbeyhill",0330 852 6561,E / EH,SC3725PN
"Workstation 4 – Haymarket Stn to Newbridge, Haymarket Stn to Slatefore Jn, Haymarket Stn to South Gyle, Slateford to Cariglockhart Jn, Slateford Jn to Auchengray, Midcalder Jn to Fauldhouse",0330 852 6582,EJ / ES EH / EAL,SC3725PN
Workstation 5 - Newbridge – Bathgate/Linlithgow,0330 852 6584,EN / EW / EL,SC3725PN
Workstation 5 –Falkirk,0330 852 6584,EN,SC3725PN
Tunnel (excl) – Bathgate/Linlithgow,0330 852 6584,EW,SC3725PN
"Workstation 6 – South Gyle to Kirkcaldy, North Queensferry to Cowdenbeath",0330 852 6602,"EC, EO, EU, EV, EY, EAL",SC3725PN
"Workstation 7 Kirkcaldy to Cupar (excl). Cowdenbeath to Thornton, Kirkcaldy to Hilton Jn (excl.) Thornton North Jn to Leven",0330 852 6603,"EB, EK, ER, ET, ETL, EPB, EPJ",SC3725PN
Errol,01738 646386,ER,SC3725PN
Fort William,01397 707701,,SC3725PN
Fouldubs Jn,0141 335 7242,FD,SC3725PN
Fouldubs SB,0330 853 0336,,SC3725PN
Fouldubs SB (Fax),0330 856 3287,,SC3725PN
Girvan SB,0330 856 3298,,SC3725PN
Girvan SB Fax,0330 856 3299,,SC3725PN
Glenwhilly,01581 600332,GW,SC3725PN
Greenloaning,01738 646397,GL,SC3725PN
INVERNESS SC,,,SC3725PN
"Highland Workstation – Keith Jct (excl) to Nairn Nairn to Inverness (excl) Kingussie (excl) to Kincraig Aviemore, Carrbridge, Slochd, Tomatin, Moy, Berryden Junction to Inverurie",03308 526 218,"HE, HN, HK, HA, HC, HS, HT, HM, HD",SC3725PN
Inverness Workstation,03308 526 203,I,SC3725PN
Inverness RETB West,03308 526 191,,SC3725PN
Inverness RETB North,03308 526 217,,SC3725PN
WSSC - Ayr Workstation Phone Line,03308526157,,SC3725PN
Barassie RR Telephone,03308526158,,SC3725PN
Hilton Jn,01738 646391,HJ,SC3725PN
Holywood,01387 720669,HW,SC3725PN
Huntly,01466 794864,HT,SC3725PN
Hurlford (when closed/during light duty working calls & messages diverted to Kilmarnock),0141 335 8729,HF,SC3725PN
Insch,01464 821352,IH,SC3725PN
Inverkeilor,01382 305296,IK,SC3725PN
Inverness,01463 245149,I,SC3725PN
Inverness RETB West,01463 245103,,SC3725PN
Inverness RETB North,01463 245162,,SC3725PN
Keith,01542 886082,KJ,SC3725PN
Kennethmont,01464 831664,KN,SC3725PN
Kilkerran,01465 811445,KK,SC3725PN
Kilkerran SB,0330 856 3285,,SC3725PN
Kilmarnock,0141 335 8735,K,SC3725PN
Kingussie,01540 661559,KG,SC3725PN
Kirkconnel,01659 67702,KC,SC3725PN
Laurencekirk,01382 305210,LK,SC3725PN
Leuchars,0330 856 3310,,SC3725PN
Longforgan,0330 856 3311,,SC3725PN
Longannet,03308526164,LG,SC3725PN
Lugton (when closed/light duty working calls & messages diverted to Barrhead),0141 335 8736,LU,SC3725PN
Mauchline,0141 335 8713,MM,SC3725PN
Millerhill SB,0131 550 2287,,SC3725PN
Montrose North,01382 305297,MN,SC3725PN
MOTHERWELL SC.,,,SC3725PN
New Cumnock,0141 335 8742,NC,SC3725PN
Perth,01738 646270,P,SC3725PN
Polmont,0141 335 7278,,SC3725PN
Stanley Jn,01738 646384,"SJ, SJP",SC3725PN
Stirling Middle,0141 335 7256,SM,SC3725PN
Stirling Middle SB,0330 853 0337,,SC3725PN
Stirling North,0141 335 7207,SN,SC3725PN
Stirling North SB,0330 853 0335,,SC3725PN
Stonehaven,0330 856 3286,,SC3725PN
Sinclair Town,03308526161,,SC3725PN
Stranraer,01776 707199,,SC3725PN
Tay Bridge South SB,0330 856 3318,,SC3725PN
Tay Bridge South SB (Fax),0330 856 3319,,SC3725PN
Thornhill,01848 330873,TH,SC3725PN
Thornton,03308526162,,SC3725PN
Lochwinnoch TSC Modem,03308526125,,SC3725PN
LANGBANK SIG REB,03308526127,,SC3725PN
Paisley TSC MODEM,03308526128,,SC3725PN
PAISLEY SC S&T MANAGER,03308526129,,SC3725PN
PAISLEY SC S&T,03308526130,,SC3725PN
WSSC - Paisley Workstation Phone Line,03308526133,,SC3725PN
Elderslie RR Phone,03308526135,,SC3725PN
Lochwinnoch Station Relay Room Phone,03308526136,,SC3725PN
Paisley SC S&T SM,03308526137,,SC3725PN
GLENGARNOCK STN RR Telephone,03308526138,,SC3725PN
Paisley DC Telecoms TEST PHONE,03308526139,,SC3725PN
Port Glasgow TSC Phone,03308526141,,SC3725PN
Port Glasgow TSC Phone,03308526142,,SC3725PN
GLASGOW IBROX SIG REB Phone,03308526143,,SC3725PN
Ladyburn Relay Room Phone,03308526144,,SC3725PN
DUNROD RR PHONE,03308526145,,SC3725PN
WEMYSS BAY RR PHONE,03308526146,,SC3725PN
Shift Manager (Glasgow),0141 335 4537,-,SC3725PN
"Glasgow Central Workstation - Station area to Gantries B, C & D",0141 335 4513,GG,SC3725PN
"Bridge Street Workstation - From gantries B, C & D to Eglinton Street Jn and Through Sidings (when closed/during light duty working calls & messages diverted to West of Scotland SC – Glasgow Central workstation)",0141 335 4514,GG,SC3725PN
"Polmadie Workstation - Eglinton St. Jn & Terminus Jn to Shawfield, Shawfield & Dalmarnock to Rutherglen East Jn",0141 335 4227 or 0141 335 4375,GR,SC3725PN
"Cathcart Workstation - Eglinton St. Jn to Crossmyloof including circle lines in Muirhouse area. Busby Jn, East Kilbride branch & Kennishead",0141 335 4519,GC,SC3725PN
Shields Workstation - Smithy Lye & Terminus Jn (excl.) To Paisley Canal & Hillington East,0141 335 4415,GS,SC3725PN
"Paisley Workstation - Hillington West to Gourock, Wemyss Bay and Dalry (excl)",0141 335 5248,GP/GPD/ GPE/GPG /GPL/GPU /GPW,SC3725PN
"Ayr Workstation - Dalry (incl.) to Largs, Ardrossan Harbour, Dalrymple Junction Chalmerston, Ayr Harbour and Gatehead.",0141 335 5237 0141 335 5242.,GPA/ GPB / GPH / GPK,SC3725PN
Shift Manager (Motherwell),0141 335 6304,-,SC3725PN
"Newton Workstation - Cambuslang to Uddingston, Haughhead Jn (via Hamilton) to Kirkhill, Uddingston to Bellshill, Larkhall to Haughhead Jn",0141 335 6205,GMN,SC3725PN
"Whifflet Workstation - Rutherglen to Coatbridge line, Up and Down ML Perth lines to Garnqueen North Jn (excl) & Mossend Area",0141 335 6421 or 0141 335 6296,GMW/ GMY,SC3725PN
"Motherwell Workstation - Garriongill to Motherwell (ML), Motherwell – Haughhead Jn, Holytown to Fauldhouse/ Holytown to Law Jn, South of Shieldmuir Jn on WCML up to and including Lanark Jn and Law Jn to Wishaw Central",0141 335 6425 Or 0141 335 6346,GMM/ GMH/GML,SC3725PN
Shift Manager,0141 335 7552,-,SC3725PN
"East workstation - Drumgelloch and Duke Street (incl) to Scotstounhill, (excl.), Drumchapel, Milngavie Branch",0141 335 7636,YF/YH/Y S,SC3725PN
West workstation - Scotstounhill (incl.) and Drumchapel to Helensburgh and Balloch,0141 335 7638,YC/YD/Y Y,SC3725PN
ELDERSLIE RR PHONE,03308526147,,SC3725PN
Glengarnock RR Phone,03308526148,,SC3725PN
WSSC - Ayrshire Workstation Phone Line,03308526149,,SC3725PN
Incident Support Controller West,085 26220,,SC3725PN
Incident Support Controller East,085 26225,,SC3725PN
Route Control Manager,085 26624,,SC3725PN
"Incident Controller West: WSSC area of Control, WSSC Motherwell area of control, Yorker SC, G&SW route. Ayr-Stranraer, West HIhgland Line.",085 26271,,SC3725PN
"Incident Controller East Edinburgh SC, E&G to Queen Street, All routes north of Ladybank/Polmont Jn/Greenhill Upper Jn, Perth to Inverness, Kyle, Wick and Thurso and Dundee to Aberdeen.",085 26235,,SC3725PN
"Train Running Controller Endinburgh: E&G, Edinburgh/Polmont, Edinburgh – Ladybank, Winchburgh Jn – Dalmeny Jn, Edinburgh – Slateford, Edinburgh – Portobello Jn, to boundary (ECML), Edinburgh – Newcraighall, all routes north of Ladybank to Aberdeen, Edinburgh- Breich, Drumgelloch- Newbridge Jn.",085 26239,,SC3725PN
"Train Running Controller Queen Street E&G, Queen Street – Polmount – Alloa and Dunblane, all routes north of Dunblane, to Inverness, Kyle, Wick and Thurso.",085 26272,,SC3725PN
"Train Running Controller Central: WSSC Motherwell SC area to the boundary with West of Scotland SC excluding Eglington St Jn, Yoker SC area, West Highland Line, Glasgow Central to Breich, Boundary (WCML).",085 26237,,SC3725PN
"Train Running Controller West: WSSC including Eglington St Jn to boundary with WSSC Motherwell, Cathcart Circle / GB&K, Glasgow Central, Gourock, Wemyss Bay, Largs and Ayr, Ayr – Stranraer, Kilmamock – Barassie, Kilmarnock – Barrhead, G&SW south of Kilmarnock, Newton-on-Ayr – Mauchline and Killoch",085 26236,,SC3725PN
Autumn Controller (manned seasonally),085 26220,,SC3725PN
Portobello Depot S&T Office Phone,03308526569,,SC3725PN
Edinburgh Waverley Station Emergency Public Telephone Platform 9E,03308526570,,SC3725PN
Edinburgh IECC Local Operations Manager,03308526571,,SC3725PN
Miller hill Relay Room Phone,03308526573,,SC3725PN
Edinburgh IECC MOM Office Phone,03308526574,,SC3725PN
Reston TSC Phone,03308526575,,SC3725PN
Drem Relay Room Phone,03308526576,,SC3725PN
Craigintenny Panel Room Phone,03308526577,,SC3725PN
St Germains Level Crossing Equipment Room Phone,03308526578,,SC3725PN
Edinburgh IECC,03308526579,,SC3725PN
East Linton TSC Phone,03308526580,,SC3725PN
Grantshouse Relay Room Phone,03308526581,,SC3725PN
Edinburgh IECC Work Station 4,03308526582,,SC3725PN
Edinburgh IECC Asst Shift Manager Direct Line to Edinburgh Waverley Station Coordinators Office Platform 19,03308526583,,SC3725PN
Edinburgh IECC Work Station 5,03308526584,,SC3725PN
Longniddry TSC Phone,03308526585,,SC3725PN
Edinburgh IECC SSM,03308526586,,SC3725PN
Edinburgh IECC Control Technicians,03308526587,,SC3725PN
Dunbar Relay Room Phone,03308526588,,SC3725PN
Edinburgh Waverley Station Platform 1 & 20 Lift Phone,03308526589,,SC3725PN
Edinburgh Waverley Station Platform 10 Lift Phone,03308526590,,SC3725PN
Oxwellmains Relay Room Phone,03308526591,,SC3725PN
Leith South Level Crossing,03308526592,,SC3725PN
Emergency Public Telephone Platform 10/11,03308526593,,SC3725PN
Portobello Depot S&T Office Phone,03308526594,,SC3725PN
Edinburgh Waverley Station Emergency Public Telephone Main Concourse,03308526595,,SC3725PN
Portobello OHL Depot,03308526596,,SC3725PN
Edinburgh IECC Assistant Supervisor Panel Phone,03308526597,,SC3725PN
Edinburgh Waverley Station Coordinators Office Platform 19 Direct Line to Assist Shift Manager IECC,03308526598,,SC3725PN
Edinburgh Waverly Station - OPS Engineering Assistant Room 3 North Block Phone,03308526599,,SC3725PN
Edinburgh Waverley Station Emergency Public Telephone - Platform 1,03308526600,,SC3725PN
Edinburgh Waverley Station Emergency Public Telephone - Platform 20,03308526601,,SC3725PN
Edinburgh IECC Work Station 6,03308526602,,SC3725PN
Edinburgh IECC Work Station 7,03308526603,,SC3725PN
Glasgow Central Station Platform 12 Buffer End Telephone,03308526606,,SC3725PN
Glasgow CENTRAL STATION HOPE STREET ENTRANCE BOOKING OFFICE COMMS ROOM Phone,03308526607,,SC3725PN
RUTHERGLEN RELAY ROOM Telephone (Back Entrance),03308526608,,SC3725PN
NEWTON RELAY ROOM TELEPHONE,03308526609,,SC3725PN
Glasgow Central Plat 17 Emergency Platform Telephone,03308526610,,SC3725PN
Glasgow Central Plat 16 Emergency Platform Telephone,03308526611,,SC3725PN
Possibly - Pumping station,03308526657,,SC3725PN
"ECO Cathcart FOR EMERGENCY USE ONLY : 176, or, if using NRN Band III radio, 2-176",0141-632 3688 0141 632 5724 0141 335 4087 (Emergency Number),,SC3725PN
Abbey Foregate,03308 529266,AF,WW3725PN
Alstone Crossing Box,03308 52778,,WW3725PN
Abergavenny,01873 858166,AY,WW3725PN
Ascott-under-Wychwood,01993 830048,AW,WW3725PN
Bangor,01248 361523,BR,WW3725PN
Bishops Lydeard (West Somerset Railway),01823 431990,,WW3725PN
Bishton Level Crossing,01633 413913,,WW3725PN
Bristol - Panel A - Cogload Jn (excl.) to Parson Street,0117 934 8790,,WW3725PN
Brittania Crossing (Paignton & Dartmouth Steam Railway),01803 752567,,WW3725PN
Bromfield,01584 856547,B,WW3725PN
Carmarthen Jn,03308 529296,CJ,WW3725PN
Clarbeston Road Jn,03308 529287,CR,WW3725PN
Craven Arms,01588 673356,CA,WW3725PN
Crediton,01363 773382,CN,WW3725PN
Crewe Jn (Shrewsbury),03308 529263,CJ,WW3725PN
Croes Newydd North Fork,01244 356387,CN,WW3725PN
Dee Marsh Jn,01244 356344,DM,WW3725PN
Deganwy,01492 562764,DY,WW3725PN
Dorrington,03308 529269,DR,WW3725PN
Droitwich Spa,01905 779283,DS,WW3725PN
Evesham,01386 45462,E,WW3725PN
Exeter - Information,01392 210873 01392 425762,,WW3725PN
Exeter - Panel C - Bridgwater (excl.) and Somerton (excl.) to Stoke Canon (excl.),01392 476411,,WW3725PN
Exeter - Panel B - Stoke Canon (incl.) and Crediton (excl.) to Exeter Central (incl.) and Exeter City Basin (incl.),01392 476410,,WW3725PN
Exeter - Panel A - Exeter City Basin (excl.) to Paignton (excl.) and Totnes (incl.),01392 476412,,WW3725PN
"Exeter - Mid Cornwall Workstation – Liskeard (excl.) and Redruth (excl.), Par and St. Blazey, Penwithers Junction and Falmouth Docks, also Carne Point (Fowey) and Parkandillack freight branch lines",03308 527299,,WW3725PN
Exmouth Jn,01392 412764,EJ,WW3725PN
Ferryside,03308 529299,F,WW3725PN
Gaerwen,01248 422492,GN,WW3725PN
Gloucester - Panel A - Ashchurch to Barnwood Jn,03308 553458 03308 553478,,WW3725PN
Gloucester - Panel B - Gloucester Station area / Avoiding lines to Tuffley,03308 553500,,WW3725PN
"Gloucester - Panel C - Over Jn to Newnham Tunnel, also Tuffley to Charfield (excl.) and Standish Jn to Sapperton",03308 553462,,WW3725PN
Back Desk (additional for Cheltenham Festival etc),03308 553454,,WW3725PN
Gobowen North,01691 659147,GN,WW3725PN
Goonbarrow Jn,01726 851476,GJ,WW3725PN
Greenford East,020 8840 6827 / 0330 856 1662,GE,WW3725PN
Gresty Lane (SCC),01618 804 135,GL,WW3725PN
Henwick,01905 425037,HK,WW3725PN
Hereford,01432 277083,H,WW3725PN
Holyhead,01407 761049,HD,WW3725PN
Kidwelly,03308 529302,K,WW3725PN
Ledbury,01531 632550,L,WW3725PN
Leominster,01568 616817,LE,WW3725PN
Liskeard,01579 346773,LD,WW3725PN
Little Mill Jn SB (LM),01495 785307,LM,WW3725PN
Llandudno Jn,01492 572306,LJ,WW3725PN
Llandudno Station,01244 232244,LO,WW3725PN
Llanwrst,01492 641978,LT,WW3725PN
"Machynlleth Signalling Centre - East workstation, Sutton Bridge Junction (excl) to Machynlleth station",01654 702518,,WW3725PN
"Machynlleth Signalling Centre - West workstation, west of Machynlleth station to Aberystwyth and Pwllhweli",01654 700284,,WW3725PN
Machynlleth Signalling Centre - Emergency use only,01654 702856,,WW3725PN
Malvern Wells,01684 561475,MW,WW3725PN
Marshbrook,01694 781509,MB,WW3725PN
Minehead Ops Office (West Somerset Railway),01643 700394,,WW3725PN
Moreton-in-Marsh,01608 651094,MM,WW3725PN
Moreton-on-Lugg,01432 761231,ML,WW3725PN
Neath & Brecon Jn,01639 644086,NB,WW3725PN
Newland East,01886 833523,NE,WW3725PN
Norton Jn,01905 358327,NJ,WW3725PN
Onibury,01584 856563,OY,WW3725PN
Paignton,01803 555672,PN,WW3725PN
Pantyffynnon,01269 592450,PF,WW3725PN
Pembrey,01554 834223,PY,WW3725PN
Penmaenmawr,01492 622083,PR,WW3725PN
Penyffordd,01244 356330,PD,WW3725PN
Penzance,01736 363189,PZ,WW3725PN
Puxton & Worle LC,03308 528146,,WW3725PN
Plymouth - East – Totnes (excl) to Mutley Tunnel,01752 828373,,WW3725PN
Plymouth - West – Mutley Tunnel (incl) to Liskeard (excl),01752 828374,,WW3725PN
Plymouth - Information (between 1000 and 2200hours),01752 828356 01752 661095,,WW3725PN
Pontrilas,01981 240824,PS,WW3725PN
Port Talbot,01639 891470,PT,WW3725PN
Plymouth - Panel A - Llanharran to Baglan (excl),01792 632602,,WW3725PN
"Port Talbot Control Centre - Llanelli Workstation – Gowerton to Pembrey (excl), Dynevor Junction to Swansea Burrows and Neath and Brecon (excl) to Pontarddulais (excl) and Llandeillo Jn",01639 881771,,WW3725PN
Roskear Jn,01209 713622,R,WW3725PN
St Andrews Jn,0117 934 8548,SA,WW3725PN
St Blazey,01726 812297,SB,WW3725PN
St Marys Crossing box,03308 553496,,WW3725PN
St Erth,01736 753795,SE,WW3725PN
Severn Bridge Junction,03308 529264 03308 529265,SB,WW3725PN
Sutton Bridge Junction,03308 529267,SUB,WW3725PN
Talacre,,TE,WW3725PN
Shift Signalling Manager,0118 9083205 01235 759298,,WW3725PN
Shift Signalling Manager West,0118 9082460,,WW3725PN
Thames Valley Signalling Centre - Paddington Workstation,,,WW3725PN
Thames Valley Signalling Centre - Paddington to Old Oak Common East,01753 422267,,WW3725PN
Thames Valley Signalling Centre - Acton Workstation,,,WW3725PN
Thames Valley Signalling Centre - Old Oak Common East to Hanwell / Drayton Green,01753 422331,,WW3725PN
Thames Valley Signalling Centre - Hayes Workstation,,,WW3725PN
Thames Valley Signalling Centre - Hanwell to Iver including Brentford and Colnbrook branches,01753 422335,,WW3725PN
Thames Valley Signalling Centre - Heathrow Workstation,,,WW3725PN
Thames Valley Signalling Centre - Heathrow Airport Jn to Heathrow Terminals,0330 852632,,WW3725PN
Thames Valley Signalling Centre - Slough Workstation,,,WW3725PN
"Thames Valley Signalling Centre - Iver to Maidenhead, including the Windsor and Marlow branches",0118 908 2445,,WW3725PN
Thames Valley Signalling Centre - Twyford Workstation,,,WW3725PN
Thames Valley Signalling Centre - Twyford area (Waltham to Reading New Junction) including Reading Southern Region platforms,0118 908 3201 / 3229,,WW3725PN
Thames Valley Signalling Centre - Reading Workstation,,,WW3725PN
Thames Valley Signalling Centre - Reading Station area,0118 908 3245 / 3360,,WW3725PN
Thames Valley Signalling Centre - West Junction Workstation,,,WW3725PN
Thames Valley Signalling Centre - Reading West Junction to Cholsey and Oxford Road Junction (incl.) to Southcote Junction (incl.),0118 908 3221 / 3230,,WW3725PN
Thames Valley Signalling Centre - Didcot Workstation,,,WW3725PN
Thames Valley Signalling Centre - Cholsey (excl.) to Challow (incl.) Didcot Chester Line Junction to Culham (incl.) Didcot Avoiding Line and Didcot West Curve,01793 515 573,,WW3725PN
Thames Valley Signalling Centre - Swindon Workstation,,,WW3725PN
Thames Valley Signalling Centre - Challow (excl.) to Thingley Junction (incl.) Swindon Junction to Sapperton Short Tunnel (excl.) also Wootton Bassett Jn to Hullavington,0118 908 3283 / 01235 512925,,WW3725PN
Thames Valley Signalling Centre - Stoke Gifford Workstation,,,WW3725PN
"Thames Valley Signalling Centre - Badminton, Charfield (incl) to Narroways Hill Jn (excl) Patchway Jn and Hallen Moor (excl)",0118 9082458,,WW3725PN
Thames Valley Signalling Centre - Bath Workstation,,,WW3725PN
"Thames Valley Signalling Centre - Box and Avoncliff to Feeder Bridge Jn (incl.) Up and Down Bristol Loop, Bristol East Jn (excl.) to Horfield Jn (excl.) and Narroways Hill Jn to Clifton Down Tunnel",0118 9082459,,WW3725PN
Thames Valley Signalling Centre - Temple Meads Workstation,,,WW3725PN
Thames Valley Signalling Centre - Feeder Bridge Jn (excl) to Nailsea and Backwell (excl) also St Phillips Marsh (west end),0118 9082457,,WW3725PN
Thames Valley Signalling Centre - Newbury Workstation,,,WW3725PN
Thames Valley Signalling Centre - Southcote jn (excl.) to Lavington (incl.),0118 908 3252 / 3361,,WW3725PN
Thames Valley Signalling Centre - Oxford Workstation,,,WW3725PN
"Thames Valley Signalling Centre - Culham to Heyford, Morris Cowley Branch, Wolvercot North Jn, Charlbury Jn",01865 245539,,WW3725PN
Thames Valley Signalling Centre - Level Crossing Workstation,,,WW3725PN
"Thames Valley Signalling Centre - Stocks Lane, Causeway, Appleford and Minety Level Crossings",01793 515 800 / 480 946,,WW3725PN
Tondu,03308 527324,TU,WW3725PN
Tram Inn,01981 570769,TI,WW3725PN
Valley,01407 742270,VY,WW3725PN
Wales Rail Operating Centre - Shift Signalling Manager,02920 665310,,WW3725PN
Wales Rail Operating Centre - Severn Tunnel Workstation -,,,WW3725PN
Wales Rail Operating Centre - Patchway to Llanwern Works East Connection (incl) and Bullo Pill to Severn Tunnel Junction,02920 665379,,WW3725PN
Wales Rail Operating Centre - East Usk Workstation,,,WW3725PN
Wales Rail Operating Centre - Llanwern Works East Connection (excl) and Llantarnam to Maindee West Junction (incl) including the Hereford Loop and Uskmouth Branch,02920 665327,,WW3725PN
Wales Rail Operating Centre - Newport Workstation,,,WW3725PN
Wales Rail Operating Centre - Maindee East Junction (excl) to Alexandra Dock Junction (incl) including the Gaer Branch to Park Junction,02920 345302,,WW3725PN
Wales Rail Operating Centre - Ebbw Workstation,,,WW3725PN
Wales Rail Operating Centre - Alexandra Dock Junction (excl) to Pengam Jn (incl) including the Cardiff Curve to Ebbw Vale Town and Machen Quarry and the Cardiff Tidal Sidings Branch,02920 344535,,WW3725PN
Wales Rail Operating Centre - Cardiff Mainline Workstation,,,WW3725PN
Wales Rail Operating Centre - Pengam Junction (excl) to Leckwith Junction (incl) including Cardiff Central platforms 0/1/2/3,02920 232494,,WW3725PN
Wales Rail Operating Centre - Vale of Glamorgan Workstation,,,WW3725PN
"Wales Rail Operating Centre - Penarth Curve South Junction (excl) to Barry Island, Penarth, Bridgend, Barry Jn and the Fords branch, also Leckwith Junction (excl) to Llanharran (excl)",02920 342422,,WW3725PN
Wales Rail Operating Centre - Valleys Workstation,,,WW3725PN
"Wales Rail Operating Centre - Rhymney to Queen Street North Jn including the Coryton and Cwmbargoed branches Llandaff (excl) to Penarth Curve South Jn (incl) to including Cardiff Bay Line and Cardiff Central platforms 4/6/7/8. Danescourt (incl) to Radyr Branch Jn, Penarth North Curve Jn to Penarth Curve South Jn and Leckwith Loop",02920 342232,,WW3725PN
Wales Rail Operating Centre - Swansea Workstation,,,WW3725PN
Wales Rail Operating Centre - Baglan to Gowerton (excl0 also to Dynevor Jn (excl),02920 220696,,WW3725PN
Wales Rail Operating Centre - Shrewsbury North Workstation,,,WW3725PN
Wales Rail Operating Centre - Crewe Junction (excl) to Nantwich (incl),02920 920759,,WW3725PN
Wales Rail Operating Centre - Rhyl Workstation,,,WW3725PN
Wales Rail Operating Centre - Shotton Low Level (excl) to Llysfaen GF (excl),02920 614386,,WW3725PN
Westbury - Panel A Lavington (excl.) to Fairwood Jn (incl.) via Westbury station or Westbury Avoiding Line also Heywood Road Jn to Bradford-on-Avon (incl.) also Hawkeridge Jn to Warminster (incl.) and Fairwood Jn (incl.) also Thingley Jn (excl.) to Bradford Jn,03308 557712 03308 557713,,WW3725PN
"Westbury - Panel B Fairwood Jn (excl.) to Somerton tunnel (excl.), Yeovil Pen Mill (excl.) Merehead and Cranmore via Frome Station or Frome Avoiding Line also Frome North Jn to Whatley Quarry",03308 557714 03308 557715,,WW3725PN
Support,03308 557710,,WW3725PN
West Midlands S.C - Bromsgrove Workstation Barnt Green (excl.) to Ashchurch (excl.); Stoke Works Jn to Droitwich Spa (excl.),0121 576 2166,,WW3725PN
Whitland,03308 529301,W,WW3725PN
Woofferton,01584 711629,W,WW3725PN
Worcester Shrub Hill,01905 613048,SH,WW3725PN
Worcester Tunnel Jn,01905 613049,TJ,WW3725PN
Electrical Control Room Operator,02922 807323 02922 807312,,WW3725PN
Duty Control Manager – Infrastructure management (AIW) Responsible for the strategic management of the Core Valleys route and on shift management of all CVLICC staff,02920 920668,,WW3725PN
"Flight Engineer – Infrastructure fault and maintenance management (AIW) Responsible for management of intelligent infrastructure and maintenance, arranging response teams attendance to infrastructure incidents.",02922 807333,,WW3725PN
Duty Route Delivery Manager – Train service management (TfW RL) Responsible for all train running enquiries for CVL routes. Responsible for management of all operators train services and invoking contingency and service recovery plans. Works with Network Rail Train Running controllers Wales & Borders for cross boundary services. Point of contact for all other train / freight operators operating over CVL routes. Also provides VSTP support for the CVL Route,02922 807335,,WW3725PN
"Customer Support Controller – Customer management (TfW RL) Responsible for disseminating information into the public domain. Responsible for recording and reporting of train service delays, communication of all CVL infrastructure issues and ensuring customers reach their destination by arranging road transport where required.",02922 807338,,WW3725PN
"Information Systems & Station Facilities controller – Station systems and security (TfW RL) Responsible for all train service information on station and on-train digital information systems. Responsible for communicating changes to availability of station facilities such as lifts & toilets and responsible for answering all CVL public help point, lift assistance and toilet access calls. Responsible for monitoring CCTV for live service management purposes at CVL Stations and On-train CCTV Systems. Responsible for deployment of dual language PA notices using Recorded, Long-Line PA and Text to speech systems.",02922 807313,,WW3725PN
CVLICC Emergency number,02922 807311,,WW3725PN
